wall,t,timeScale,bladeGapFraction,heroHipX,heroHipY,heroHandX,heroHandY,heroTipX,heroTipY,foeHipX,foeHipY,foeHandX,foeHandY,foeTipX,foeTipY,heroShoulderX,heroShoulderY,heroElbowX,heroElbowY,heroHeadX,heroHeadY,heroStandX,foeStandX,heroArmWeight,heroBladeWeight
0.00000,0.00000,1.00000,0.836112,4.65000,0.96500,4.64501,0.85317,4.79451,0.11416,6.20000,0.96500,6.21423,0.87582,6.21588,0.12184,4.80570,1.37968,4.76779,1.08220,4.72178,1.59749,4.65000,6.20000,0.30000,0.00000
0.00833,0.00833,1.00000,0.795473,4.64998,0.96499,4.64152,0.84948,4.82935,0.11926,6.20000,0.96500,6.21933,0.86814,6.18165,0.11510,4.80568,1.37967,4.75220,1.08460,4.72176,1.59748,4.64998,6.20000,0.30000,0.00000
0.01667,0.01667,1.00000,0.754451,4.64984,0.96497,4.63845,0.84716,4.86409,0.12772,6.20000,0.96500,6.22375,0.86178,6.14656,0.11177,4.80564,1.37958,4.73672,1.08773,4.72174,1.59744,4.64984,6.20000,0.30000,0.00000
0.02500,0.02500,1.00000,0.714187,4.64935,0.96493,4.63531,0.84629,4.89787,0.13950,6.20000,0.96500,6.22787,0.85690,6.11167,0.11193,4.80527,1.37943,4.72101,1.09164,4.72154,1.59735,4.64935,6.20000,0.30000,0.00000
0.03333,0.03333,1.00000,0.674657,4.64822,0.96488,4.63189,0.84684,4.92986,0.15422,6.20000,0.96500,6.23128,0.85337,6.07612,0.11553,4.80454,1.37910,4.70506,1.09621,4.72113,1.59719,4.64822,6.20000,0.30000,0.00000
0.04167,0.04167,1.00000,0.631405,4.64616,0.96482,4.63746,0.84505,4.96853,0.16764,6.20000,0.96500,6.23438,0.85134,6.04097,0.12259,4.80285,1.37880,4.69850,1.09767,4.71972,1.59703,4.64616,6.20000,0.30000,0.00000
0.05000,0.05000,1.00000,0.610950,4.64281,0.96474,4.63470,0.84474,4.96733,0.16809,6.20000,0.96500,6.23676,0.85067,6.00535,0.13307,4.79973,1.37854,4.69516,1.09749,4.71674,1.59689,4.64281,6.20000,0.30000,0.00000
0.05833,0.05833,1.00000,0.596538,4.63788,0.96464,4.62715,0.84539,4.95640,0.16709,6.20000,0.96500,6.23880,0.85152,5.97031,0.14696,4.79548,1.37812,4.68887,1.09784,4.71281,1.59665,4.63788,6.20000,0.30245,0.00000
0.06667,0.06667,1.00000,0.588485,4.63108,0.96454,4.61290,0.84765,4.93458,0.16573,6.20000,0.96500,6.24010,0.85373,5.93500,0.16423,4.78917,1.37767,4.67742,1.09940,4.70690,1.59640,4.63108,6.20000,0.30991,0.00000
0.07500,0.07500,1.00000,0.587070,4.62216,0.96442,4.59260,0.85160,4.90299,0.16447,6.20000,0.96500,6.24116,0.85747,5.90080,0.18468,4.78077,1.37728,4.66127,1.10225,4.69873,1.59616,4.62216,6.20000,0.32176,0.00000
0.08333,0.08333,1.00000,0.586834,4.61090,0.96429,4.56661,0.85730,4.86242,0.16377,6.20000,0.96500,6.23443,0.85846,5.85921,0.20446,4.77010,1.37689,4.64056,1.10644,4.68823,1.59592,4.61090,6.20000,0.33743,0.00000
0.09167,0.09167,1.00000,0.588940,4.59715,0.96416,4.53515,0.86487,4.81277,0.16385,6.20000,0.96500,6.22102,0.85650,5.81222,0.22296,4.75702,1.37641,4.61557,1.11200,4.67543,1.59564,4.59715,6.20000,0.35634,0.00000
0.10000,0.10000,1.00000,0.605219,4.58079,0.96400,4.49922,0.87433,4.75656,0.16562,6.20000,0.96500,6.21249,0.85563,5.78302,0.23591,4.74128,1.37602,4.58673,1.11905,4.65980,1.59537,4.58079,6.20000,0.37799,0.00000
0.10833,0.10833,1.00000,0.642362,4.56175,0.96384,4.45897,0.88583,4.69305,0.16910,6.20000,0.96500,6.21249,0.85563,5.78302,0.23591,4.72310,1.37548,4.55441,1.12756,4.64186,1.59504,4.56175,6.20000,0.40185,0.00000
0.11667,0.11667,1.00000,0.686688,4.53367,0.96367,4.40863,0.89906,4.61727,0.17452,6.20000,0.96500,6.21249,0.85563,5.78302,0.23591,4.69595,1.37452,4.51254,1.13727,4.61517,1.59433,4.53367,6.20000,0.42748,0.00000
0.12500,0.12500,1.00000,0.737968,4.49274,0.96349,4.34610,0.91430,4.52959,0.18298,6.20000,0.96500,6.21249,0.85563,5.78302,0.23591,4.65570,1.37441,4.45817,1.14879,4.57443,1.59416,4.49274,6.20000,0.45442,0.00000
0.13333,0.13333,1.00000,0.795589,4.44258,0.96330,4.27418,0.93134,4.43118,0.19387,6.20000,0.96500,6.21249,0.85563,5.78302,0.23591,4.60612,1.37423,4.39463,1.16163,4.52453,1.59397,4.44258,6.20000,0.48226,0.00000
0.14167,0.14167,1.00000,0.856962,4.38613,0.96310,4.19674,0.94989,4.32647,0.20714,6.20000,0.96500,6.21249,0.85563,5.78302,0.23591,4.55042,1.37405,4.32560,1.17559,4.46844,1.59376,4.38613,6.20000,0.51061,0.00000
0.15000,0.15000,1.00000,0.920700,4.32574,0.96289,4.11617,0.96980,4.21789,0.22270,6.20000,0.96500,6.21249,0.85563,5.78302,0.23591,4.49077,1.37380,4.25342,1.19050,4.40846,1.59353,4.32574,6.20000,0.53913,0.00000
0.15833,0.15833,1.00000,0.984835,4.26330,0.96267,4.03496,0.99070,4.10881,0.24033,6.20000,0.96500,6.21249,0.85563,5.78302,0.23591,4.42913,1.37359,4.18033,1.20615,4.34645,1.59329,4.26330,6.20000,0.56748,0.00000
0.16667,0.16667,1.00000,1.048268,4.20033,0.96245,3.95466,1.01224,4.00113,0.25968,6.20000,0.96500,6.21249,0.85563,5.78302,0.23591,4.36680,1.37343,4.10780,1.22225,4.28366,1.59309,4.20033,6.20000,0.59536,0.00000
0.17500,0.17500,1.00000,1.110434,4.13797,0.96222,3.87651,1.03425,3.89581,0.28050,6.20000,0.96500,6.21249,0.85563,5.78302,0.23591,4.30512,1.37321,4.03712,1.23861,4.22159,1.59287,4.13797,6.20000,0.62251,0.00000
0.18333,0.18333,1.00000,1.170469,4.07713,0.96198,3.80164,1.05632,3.79434,0.30235,6.20000,0.96500,6.21249,0.85563,5.78302,0.23591,4.24508,1.37290,3.96936,1.25489,4.16129,1.59259,4.07713,6.20000,0.64869,0.00000
0.19167,0.19167,1.00000,1.227388,4.01849,0.96173,3.73081,1.07788,3.69835,0.32458,6.20000,0.96500,6.21249,0.85563,5.78302,0.23591,4.18715,1.37261,3.90506,1.27075,4.10311,1.59233,4.01849,6.20000,0.67367,0.00000
0.20000,0.20000,1.00000,1.281001,3.96253,0.96148,3.66429,1.09887,3.60816,0.34696,6.20000,0.96500,6.21249,0.85563,5.78302,0.23591,4.13178,1.37242,3.84452,1.28617,4.04727,1.59212,3.96253,6.20000,0.69729,0.00000
0.20833,0.20833,1.00000,1.330758,3.90961,0.96123,3.60266,1.11874,3.52464,0.36878,6.20000,0.96500,6.21249,0.85563,5.78302,0.23591,4.07956,1.37219,3.78828,1.30070,3.99466,1.59187,3.90961,6.20000,0.71937,0.00000
0.21667,0.21667,1.00000,1.377552,3.85994,0.96096,3.54555,1.13780,3.44628,0.39036,6.20000,0.96500,6.21249,0.85563,5.78302,0.23591,4.03066,1.37176,3.73626,1.31443,3.94567,1.59156,3.85994,6.20000,0.73981,0.00000
0.22500,0.22500,1.00000,1.420345,3.81366,0.96070,3.49322,1.15542,3.37478,0.41078,6.20000,0.96500,6.21249,0.85563,5.78302,0.23591,3.98504,1.37139,3.68840,1.32709,3.89994,1.59126,3.81366,6.20000,0.75849,0.00000
0.23333,0.23333,1.00000,1.459283,3.77081,0.96042,3.44557,1.17157,3.30974,0.42990,6.20000,0.96500,6.21249,0.85563,5.78302,0.23591,3.94288,1.37106,3.64471,1.33863,3.85754,1.59098,3.77081,6.20000,0.77536,0.00000
0.24167,0.24167,1.00000,1.493996,3.73139,0.96015,3.40243,1.18604,3.25128,0.44734,6.20000,0.96500,6.21249,0.85563,5.78302,0.23591,3.90413,1.37072,3.60500,1.34894,3.81857,1.59070,3.73139,6.20000,0.79036,0.00000
0.25000,0.25000,1.00000,1.524819,3.69534,0.95987,3.36358,1.19877,3.19885,0.46298,6.20000,0.96500,6.21249,0.85563,5.78302,0.23591,3.86878,1.37028,3.56911,1.35791,3.78318,1.59037,3.69534,6.20000,0.80350,0.00000
0.25833,0.25833,1.00000,1.552237,3.66255,0.95959,3.32859,1.21003,3.15175,0.47706,6.20000,0.96500,6.21249,0.85563,5.78302,0.23591,3.83662,1.36985,3.53672,1.36576,3.75099,1.59006,3.66255,6.20000,0.81478,0.00000
0.26667,0.26667,1.00000,1.576231,3.63292,0.95930,3.29737,1.21949,3.11014,0.48910,6.20000,0.96500,6.21249,0.85563,5.78302,0.23591,3.80760,1.36932,3.50768,1.37225,3.72210,1.58972,3.63292,6.20000,0.82426,0.00000
0.27500,0.27500,1.00000,1.596834,3.60630,0.95901,3.26978,1.22723,3.07416,0.49904,6.20000,0.96500,6.21249,0.85563,5.78302,0.23591,3.78165,1.36889,3.48184,1.37756,3.69613,1.58939,3.60630,6.20000,0.83200,0.00000
0.28333,0.28333,1.00000,1.614755,3.58253,0.95872,3.24525,1.23354,3.04266,0.50726,6.20000,0.96500,6.21249,0.85563,5.78302,0.23591,3.75838,1.36844,3.45874,1.38183,3.67291,1.58909,3.58253,6.20000,0.83811,0.00000
0.29167,0.29167,1.00000,1.630222,3.56145,0.95843,3.22372,1.23860,3.01529,0.51398,6.20000,0.96500,6.21249,0.85563,5.78302,0.23591,3.73785,1.36799,3.43841,1.38517,3.65244,1.58878,3.56145,6.20000,0.84273,0.00000
0.30000,0.30000,1.00000,1.643138,3.54290,0.95814,3.20520,1.24219,2.99232,0.51886,6.20000,0.96500,6.21249,0.85563,5.78302,0.23591,3.72005,1.36750,3.42078,1.38744,3.63462,1.58840,3.54290,6.20000,0.84601,0.00000
0.30833,0.30833,1.00000,1.653987,3.52669,0.95784,3.18920,1.24474,2.97299,0.52240,6.20000,0.96500,6.21249,0.85563,5.78302,0.23591,3.70457,1.36699,3.40544,1.38900,3.61919,1.58802,3.52669,6.20000,0.84815,0.00000
0.31667,0.31667,1.00000,1.663283,3.51268,0.95755,3.17531,1.24656,2.95633,0.52505,6.20000,0.96500,6.21249,0.85563,5.78302,0.23591,3.69111,1.36649,3.39210,1.38999,3.60589,1.58769,3.51268,6.20000,0.84935,0.00000
0.32500,0.32500,1.00000,1.670899,3.50068,0.95725,3.16357,1.24756,2.94266,0.52665,6.20000,0.96500,6.21249,0.85563,5.78302,0.23591,3.67969,1.36599,3.38075,1.39041,3.59455,1.58736,3.50068,6.20000,0.84988,0.00000
0.33333,0.33333,1.00000,1.677410,3.49053,0.95696,3.15369,1.24836,2.93084,0.52804,6.20000,0.96500,6.21249,0.85563,5.78302,0.23591,3.67013,1.36541,3.37125,1.39062,3.58528,1.58699,3.49053,6.20000,0.85000,0.00000
0.34167,0.34167,1.00000,1.678634,3.48274,0.95000,3.16163,1.24632,2.92117,0.53168,6.20000,0.96500,6.21249,0.85563,5.78302,0.23591,3.68078,1.35065,3.38261,1.38319,3.59954,1.57736,3.48274,6.20000,0.85000,0.00000
0.35000,0.35000,1.00000,1.682007,3.47754,0.94998,3.15603,1.24692,2.91475,0.53256,6.20000,0.96500,6.21247,0.85564,5.78276,0.23608,3.67530,1.35066,3.37717,1.38354,3.59423,1.57736,3.47754,6.20000,0.85000,0.00000
0.35833,0.35833,1.00000,1.684461,3.47445,0.94996,3.15251,1.24766,2.91014,0.53367,6.20000,0.96500,6.21247,0.85563,5.78276,0.23608,3.67195,1.35060,3.37387,1.38395,3.59114,1.57734,3.47445,6.20000,0.85000,0.00000
0.36667,0.36667,1.00000,1.685917,3.47307,0.94993,3.15073,1.24840,2.90727,0.53479,6.20000,0.96499,6.21247,0.85563,5.78276,0.23607,3.67033,1.35055,3.37230,1.38434,3.58982,1.57730,3.47307,6.20000,0.85000,0.00000
0.37500,0.37500,1.00000,1.687108,3.47311,0.94988,3.15016,1.24945,2.90532,0.53630,6.20000,0.96499,6.21272,0.85566,5.78325,0.23594,3.66995,1.35060,3.37199,1.38497,3.58956,1.57731,3.47311,6.20000,0.85000,0.00000
0.38333,0.38333,1.00000,1.686943,3.47433,0.94983,3.15084,1.25025,2.90491,0.53748,6.20000,0.96498,6.21262,0.85565,5.78291,0.23610,3.67078,1.35060,3.37287,1.38543,3.59059,1.57729,3.47433,6.20000,0.85000,0.00000
0.39167,0.39167,1.00000,1.686825,3.47655,0.94976,3.15254,1.25128,2.90524,0.53898,6.20000,0.96498,6.21287,0.85568,5.78340,0.23596,3.67267,1.35063,3.37483,1.38603,3.59258,1.57727,3.47655,6.20000,0.85000,0.00000
0.40000,0.40000,1.00000,1.685382,3.47963,0.94969,3.15538,1.25204,2.90726,0.54003,6.20000,0.96497,6.21285,0.85568,5.78314,0.23612,3.67561,1.35068,3.37782,1.38654,3.59536,1.57725,3.47963,6.20000,0.85000,0.00000
0.40833,0.40833,1.00000,1.683795,3.48347,0.94961,3.15909,1.25257,2.91043,0.54075,6.20000,0.96496,6.21310,0.85570,5.78363,0.23598,3.67940,1.35081,3.38164,1.38689,3.59878,1.57726,3.48347,6.20000,0.85000,0.00000
0.41667,0.41667,1.00000,1.681383,3.48800,0.94951,3.16377,1.25299,2.91457,0.54136,6.20000,0.96495,6.21318,0.85571,5.78371,0.23599,3.68416,1.35083,3.38643,1.38714,3.60313,1.57720,3.48800,6.20000,0.85000,0.00000
0.42500,0.42500,1.00000,1.678926,3.49316,0.94941,3.16908,1.25345,2.91960,0.54191,6.20000,0.96494,6.21366,0.85577,5.78443,0.23588,3.68948,1.35098,3.39178,1.38752,3.60781,1.57719,3.49316,6.20000,0.85000,0.00000
0.43333,0.43333,1.00000,1.675676,3.49892,0.94930,3.17511,1.25396,2.92536,0.54252,6.20000,0.96493,6.21373,0.85577,5.78450,0.23589,3.69554,1.35118,3.39786,1.38795,3.61305,1.57718,3.49892,6.20000,0.85000,0.00000
0.44167,0.44167,1.00000,1.672087,3.50526,0.94919,3.18183,1.25456,2.93181,0.54321,6.20000,0.96492,6.21388,0.85579,5.78465,0.23590,3.70226,1.35135,3.40463,1.38846,3.61897,1.57715,3.50526,6.20000,0.85000,0.00000
0.45000,0.45000,1.00000,1.667996,3.51216,0.94906,3.18924,1.25523,2.93950,0.54379,6.20000,0.96490,6.21411,0.85581,5.78488,0.23593,3.70955,1.35154,3.41199,1.38921,3.62544,1.57711,3.51216,6.20000,0.85000,0.00000
0.45833,0.45833,1.00000,1.662741,3.51962,0.94893,3.19742,1.25618,2.94877,0.54435,6.20000,0.96489,6.21398,0.85581,5.78428,0.23625,3.71738,1.35180,3.41996,1.39050,3.63230,1.57710,3.51962,6.20000,0.85000,0.00000
0.46667,0.46667,1.00000,1.656957,3.52763,0.94879,3.20698,1.25753,2.96189,0.54447,6.20000,0.96487,6.21449,0.85585,5.78526,0.23597,3.72596,1.35199,3.42885,1.39297,3.64001,1.57701,3.52763,6.20000,0.85000,0.00000
0.47500,0.47500,1.00000,1.646142,3.53618,0.94864,3.21900,1.25945,2.98598,0.54236,6.20000,0.96486,6.21462,0.85587,5.78515,0.23615,3.73487,1.35228,3.43854,1.39861,3.64790,1.57699,3.53618,6.20000,0.85000,0.00000
0.48333,0.48333,1.00000,1.627285,3.54529,0.94848,3.23529,1.26230,3.02771,0.53743,6.20000,0.96484,6.21495,0.85590,5.78571,0.23602,3.74434,1.35260,3.44979,1.40912,3.65640,1.57695,3.54529,6.20000,0.85000,0.00000
0.49167,0.49167,1.00000,1.599463,3.55494,0.94832,3.25537,1.26591,3.08249,0.53199,6.20000,0.96482,6.21550,0.85597,5.78651,0.23592,3.75434,1.35297,3.46265,1.42275,3.66534,1.57692,3.55494,6.20000,0.85000,0.00000
0.50000,0.50000,1.00000,1.558601,3.56515,0.94815,3.28055,1.27062,3.15329,0.52743,6.20000,0.96481,6.21583,0.85605,5.78683,0.23601,3.76488,1.35330,3.47775,1.43996,3.67494,1.57687,3.56515,6.20000,0.85000,0.00000
0.50833,0.50833,1.00000,1.515386,3.57590,0.94798,3.30819,1.27552,3.22790,0.52581,6.20000,0.96479,6.21618,0.85604,5.78766,0.23566,3.77595,1.35369,3.49436,1.45692,3.68497,1.57683,3.57590,6.20000,0.85000,0.00000
0.51667,0.51667,1.00000,1.474919,3.58720,0.94780,3.33607,1.28066,3.29758,0.52764,6.20000,0.96477,6.21640,0.85606,5.78789,0.23569,3.78756,1.35403,3.51187,1.47213,3.69572,1.57676,3.58720,6.20000,0.85000,0.00000
0.52500,0.52500,1.00000,1.437054,3.59904,0.94761,3.36400,1.28598,3.36279,0.53198,6.20000,0.96475,6.21653,0.85608,5.78777,0.23586,3.79968,1.35443,3.53011,1.48591,3.70685,1.57670,3.59904,6.20000,0.85000,0.00000
0.53333,0.53333,1.00000,1.402099,3.61142,0.94742,3.39191,1.29131,3.42424,0.53800,6.20000,0.96472,6.21709,0.85614,5.78857,0.23576,3.81225,1.35479,3.54897,1.49843,3.71856,1.57663,3.61142,6.20000,0.85000,0.00000
0.54167,0.54167,1.00000,1.369128,3.62433,0.94722,3.41973,1.29643,3.48237,0.54504,6.20000,0.96470,6.21751,0.85619,5.78923,0.23565,3.82537,1.35520,3.56832,1.50970,3.73080,1.57656,3.62433,6.20000,0.85000,0.00000
0.55000,0.55000,1.00000,1.338297,3.63775,0.94702,3.44720,1.30173,3.53660,0.55304,6.20000,0.96468,6.21774,0.85621,5.78945,0.23567,3.83884,1.35562,3.58809,1.52016,3.74343,1.57650,3.63775,6.20000,0.85000,0.00000
0.55833,0.55833,1.00000,1.309542,3.65168,0.94681,3.47439,1.30683,3.58728,0.56133,6.20000,0.96465,6.21811,0.85630,5.78959,0.23593,3.85293,1.35602,3.60834,1.52958,3.75664,1.57642,3.65168,6.20000,0.85000,0.00000
0.56667,0.56667,1.00000,1.283123,3.66610,0.94660,3.50096,1.31142,3.63497,0.56942,6.20000,0.96463,6.21863,0.85636,5.79059,0.23566,3.86734,1.35644,3.62853,1.53788,3.77026,1.57636,3.66610,6.20000,0.84954,0.00000
0.57500,0.57500,1.00000,1.258267,3.68099,0.94638,3.52641,1.31461,3.67972,0.57637,6.20000,0.96460,6.21925,0.85638,5.79144,0.23551,3.88217,1.35691,3.64803,1.54433,3.78425,1.57630,3.68099,6.20000,0.84772,0.00000
0.58333,0.58333,1.00000,1.234509,3.69634,0.94616,3.55081,1.31648,3.72191,0.58215,6.20000,0.96458,6.21957,0.85645,5.79177,0.23559,3.89750,1.35737,3.66684,1.54907,3.79875,1.57623,3.69634,6.20000,0.84458,0.00000
0.59167,0.59167,1.00000,1.212178,3.71213,0.94594,3.57376,1.31718,3.76060,0.58669,6.20000,0.96455,6.21950,0.85642,5.79122,0.23588,3.91313,1.35778,3.68477,1.55220,3.81368,1.57615,3.71213,6.20000,0.84023,0.00000
0.60000,0.60000,1.00000,1.192104,3.72833,0.94571,3.59551,1.31641,3.79660,0.58972,6.20000,0.96452,6.22008,0.85652,5.79204,0.23581,3.92936,1.35809,3.70190,1.55357,3.82933,1.57603,3.72833,6.20000,0.83472,0.00000
0.60833,0.60833,1.00000,1.172935,3.74493,0.94548,3.61587,1.31431,3.83086,0.59161,6.20000,0.96450,6.22063,0.85654,5.79283,0.23567,3.94568,1.35860,3.71769,1.55346,3.84489,1.57598,3.74493,6.20000,0.82815,0.00000
0.61667,0.61667,1.00000,1.154750,3.76190,0.94525,3.63504,1.31081,3.86275,0.59202,6.20000,0.96447,6.22103,0.85659,5.79322,0.23572,3.96240,1.35897,3.73263,1.55172,3.86100,1.57589,3.76190,6.20000,0.82060,0.00000
0.62500,0.62500,1.00000,1.137174,3.77921,0.94501,3.65346,1.30584,3.89381,0.59117,6.20000,0.96444,6.22161,0.85669,5.79404,0.23566,3.97955,1.35932,3.74678,1.54843,3.87757,1.57578,3.77921,6.20000,0.81212,0.00000
0.63333,0.63333,1.00000,1.120360,3.79685,0.94477,3.67045,1.29909,3.92311,0.58868,6.20000,0.96441,6.22203,0.85673,5.79470,0.23554,3.99678,1.35973,3.75958,1.54326,3.89422,1.57571,3.79685,6.20000,0.80281,0.00000
0.64167,0.64167,1.00000,1.103887,3.81478,0.94453,3.68663,1.29061,3.95097,0.58447,6.20000,0.96438,6.22246,0.85678,5.79489,0.23575,4.01443,1.36006,3.77171,1.53622,3.91135,1.57561,3.81478,6.20000,0.79272,0.00000
0.65000,0.65000,1.00000,1.088012,3.83298,0.94429,3.70213,1.28031,3.97808,0.57862,6.20000,0.96434,6.22296,0.85683,5.79562,0.23563,4.03232,1.36036,3.78315,1.52728,3.92875,1.57550,3.83298,6.20000,0.78193,0.00000
0.65833,0.65833,1.00000,1.071932,3.85142,0.94404,3.71724,1.26827,4.00499,0.57134,6.20000,0.96431,6.22329,0.85686,5.79607,0.23558,4.05031,1.36071,3.79408,1.51658,3.94627,1.57541,3.85142,6.20000,0.77050,0.00000
0.66667,0.66667,1.00000,1.055347,3.87008,0.94380,3.73235,1.25436,4.03236,0.56261,6.20000,0.96428,6.22375,0.85692,5.79642,0.23572,4.06843,1.36098,3.80480,1.50398,3.96399,1.57532,3.87008,6.20000,0.75851,0.00000
0.67500,0.67500,1.00000,1.038567,3.88893,0.94355,3.74769,1.23865,4.05985,0.55230,6.20000,0.96425,6.22414,0.85696,5.79681,0.23577,4.08679,1.36117,3.81573,1.48951,3.98209,1.57519,3.88893,6.20000,0.74600,0.00000
0.68333,0.68333,1.00000,1.021727,3.90793,0.94330,3.76314,1.22146,4.08683,0.54048,6.20000,0.96421,6.22444,0.85703,5.79687,0.23600,4.10510,1.36132,3.82693,1.47344,4.00016,1.57510,3.90793,6.20000,0.73306,0.00000
0.69167,0.69167,1.00000,1.005751,3.92707,0.94305,3.77905,1.20298,4.11342,0.52717,6.20000,0.96418,6.22527,0.85712,5.79818,0.23576,4.12351,1.36141,3.83887,1.45593,4.01847,1.57499,3.92707,6.20000,0.71972,0.00000
0.70000,0.70000,1.00000,0.989617,3.94631,0.94280,3.79521,1.18325,4.13861,0.51199,6.20000,0.96414,6.22549,0.85714,5.79816,0.23594,4.14187,1.36143,3.85163,1.43698,4.03683,1.57488,3.94631,6.20000,0.70605,0.00000
0.70833,0.70833,1.00000,0.973677,3.96563,0.94255,3.81241,1.16267,4.16427,0.49581,6.20000,0.96411,6.22608,0.85724,5.79899,0.23588,4.16031,1.36140,3.86561,1.41710,4.05528,1.57477,3.96563,6.20000,0.69212,0.00000
0.71667,0.71667,1.00000,0.957538,3.98500,0.94230,3.83049,1.14141,4.18975,0.47850,6.20000,0.96407,6.22648,0.85728,5.79939,0.23592,4.17871,1.36129,3.88086,1.39641,4.07387,1.57465,3.98500,6.20000,0.67795,0.00000
0.72500,0.72500,1.00000,0.941291,4.00440,0.94205,3.84949,1.11958,4.21508,0.46015,6.20000,0.96404,6.22685,0.85732,5.79952,0.23612,4.19701,1.36125,3.89742,1.37506,4.09221,1.57457,4.00440,6.20000,0.66363,0.00000
0.73333,0.73333,1.00000,0.925752,4.02379,0.94180,3.86936,1.09770,4.23950,0.44080,6.20000,0.96400,6.22725,0.85735,5.79992,0.23616,4.21535,1.36108,3.91553,1.35350,4.11082,1.57444,4.02379,6.20000,0.64918,0.00000
0.74167,0.74167,1.00000,0.910318,4.04315,0.94155,3.89019,1.07571,4.26334,0.42053,6.20000,0.96396,6.22745,0.85737,5.79988,0.23634,4.23367,1.36087,3.93517,1.33172,4.12941,1.57432,4.04315,6.20000,0.63465,0.00000
0.75000,0.75000,1.00000,0.895925,4.06246,0.94130,3.91165,1.05413,4.28606,0.39966,6.20000,0.96393,6.22793,0.85741,5.80035,0.23638,4.25179,1.36069,3.95615,1.31022,4.14787,1.57421,4.06246,6.20000,0.62011,0.00000
0.75833,0.75833,1.00000,0.881916,4.08169,0.94105,3.93408,1.03288,4.30823,0.37826,6.20000,0.96389,6.22834,0.85749,5.80077,0.23646,4.26996,1.36050,3.97867,1.28897,4.16633,1.57411,4.08169,6.20000,0.60558,0.00000
0.76667,0.76667,1.00000,0.868551,4.10081,0.94081,3.95710,1.01230,4.32924,0.35653,6.20000,0.96385,6.22872,0.85752,5.80091,0.23666,4.28795,1.36022,4.00249,1.26823,4.18478,1.57395,4.10081,6.20000,0.59110,0.00000
0.77500,0.77500,1.00000,0.855480,4.11981,0.94056,3.98102,0.99235,4.34989,0.33473,6.20000,0.96381,6.22896,0.85758,5.80091,0.23688,4.30591,1.36004,4.02769,1.24805,4.20297,1.57382,4.11981,6.20000,0.57673,0.00000
0.78333,0.78333,1.00000,0.843627,4.13866,0.94032,4.00529,0.97333,4.36935,0.31304,6.20000,0.96377,6.22930,0.85756,5.80148,0.23669,4.32356,1.35981,4.05382,1.22869,4.22107,1.57370,4.13866,6.20000,0.56249,0.00000
0.79167,0.79167,1.00000,0.832631,4.15733,0.94008,4.02976,0.95532,4.38722,0.29144,6.20000,0.96373,6.22969,0.85764,5.80164,0.23693,4.34089,1.35960,4.08083,1.21019,4.23888,1.57363,4.15733,6.20000,0.54843,0.00000
0.80000,0.80000,1.00000,0.823254,4.17581,0.93985,4.05421,0.93857,4.40247,0.26981,6.20000,0.96369,6.22991,0.85764,5.80162,0.23710,4.35824,1.35920,4.10880,1.19270,4.25690,1.57350,4.17581,6.20000,0.53457,0.00000
0.80833,0.80833,1.00000,0.813956,4.19408,0.93961,4.07989,0.92241,4.41836,0.24866,6.20000,0.96365,6.23033,0.85772,5.80204,0.23718,4.37552,1.35902,4.13816,1.17571,4.27452,1.57336,4.19408,6.20000,0.52095,0.00000
0.81667,0.81667,1.00000,0.805962,4.21211,0.93938,4.10545,0.90753,4.43199,0.22792,6.20000,0.96361,6.23062,0.85773,5.80210,0.23736,4.39240,1.35892,4.16818,1.15976,4.29161,1.57326,4.21211,6.20000,0.50760,0.00000
0.82500,0.82500,1.00000,0.799869,4.22988,0.93915,4.13092,0.89380,4.44307,0.20746,6.20000,0.96357,6.23104,0.85780,5.80251,0.23743,4.40898,1.35871,4.19896,1.14464,4.30861,1.57315,4.22988,6.20000,0.49454,0.00000
0.83333,0.83333,1.00000,0.793098,4.24738,0.93892,4.15678,0.88166,4.45439,0.18889,6.20000,0.96353,6.23100,0.85782,5.80176,0.23794,4.42553,1.35845,4.23008,1.13101,4.32565,1.57302,4.24738,6.20000,0.48181,0.00000
0.84167,0.84167,1.00000,0.782393,4.26459,0.93870,4.18312,0.87174,4.47275,0.17560,6.20000,0.96349,6.23106,0.85782,5.80135,0.23827,4.44160,1.35832,4.25928,1.12023,4.34205,1.57293,4.26459,6.20000,0.46943,0.00000
0.85000,0.85000,1.00000,0.769667,4.28150,0.93849,4.20928,0.86346,4.49545,0.16589,6.20000,0.96344,6.23136,0.85788,5.80189,0.23817,4.45746,1.35806,4.28668,1.11157,4.35845,1.57280,4.28150,6.20000,0.45741,0.00000
0.85833,0.85833,1.00000,0.751365,4.29808,0.93827,4.23551,0.85677,4.52623,0.16108,6.20000,0.96340,6.23138,0.85786,5.80119,0.23864,4.47317,1.35779,4.31128,1.10537,4.37467,1.57266,4.29808,6.20000,0.44579,0.00000
0.86667,0.86667,1.00000,0.731530,4.31432,0.93806,4.26135,0.85105,4.56059,0.15899,6.20000,0.96336,6.23183,0.85788,5.80164,0.23866,4.48842,1.35766,4.33406,1.10056,4.39027,1.57256,4.31432,6.20000,0.43457,0.00000
0.87500,0.87500,1.00000,0.712077,4.33021,0.93786,4.28590,0.84612,4.59388,0.15790,6.20000,0.96332,6.23213,0.85792,5.80170,0.23887,4.50325,1.35745,4.35545,1.09653,4.40553,1.57247,4.33021,6.20000,0.42378,0.00000
0.88333,0.88333,1.00000,0.693133,4.34574,0.93766,4.31012,0.84158,4.62706,0.15744,6.20000,0.96327,6.23277,0.85795,5.80258,0.23873,4.51785,1.35729,4.37640,1.09288,4.42052,1.57237,4.34574,6.20000,0.41343,0.00000
0.89167,0.89167,1.00000,0.674141,4.36089,0.93747,4.33341,0.83751,4.65872,0.15732,6.20000,0.96323,6.23273,0.85797,5.80183,0.23924,4.53212,1.35711,4.39659,1.08961,4.43523,1.57225,4.36089,6.20000,0.40353,0.00000
0.90000,0.90000,1.00000,0.655820,4.37565,0.93728,4.35594,0.83381,4.68907,0.15740,6.20000,0.96319,6.23254,0.85793,5.80092,0.23970,4.54618,1.35686,4.41622,1.08662,4.44974,1.57212,4.37565,6.20000,0.39409,0.00000
0.90833,0.90833,1.00000,0.638639,4.39001,0.93709,4.37750,0.83054,4.71787,0.15775,6.20000,0.96314,6.23252,0.85795,5.80043,0.24005,4.55960,1.35676,4.43505,1.08397,4.46343,1.57205,4.39001,6.20000,0.38512,0.00000
0.91667,0.91667,1.00000,0.622296,4.40397,0.93692,4.39825,0.82755,4.74532,0.15820,6.20000,0.96310,6.23259,0.85797,5.80002,0.24040,4.57288,1.35654,4.45328,1.08155,4.47719,1.57192,4.40397,6.20000,0.37663,0.00000
0.92500,0.92500,1.00000,0.607003,4.41751,0.93675,4.41822,0.82485,4.77169,0.15885,6.20000,0.96305,6.23293,0.85802,5.80037,0.24046,4.58554,1.35642,4.47080,1.07936,4.49017,1.57184,4.41751,6.20000,0.36863,0.00000
0.93333,0.93333,1.00000,0.591805,4.43062,0.93658,4.43740,0.82244,4.79674,0.15958,6.20000,0.96301,6.23279,0.85798,5.79952,0.24091,4.59800,1.35628,4.48774,1.07741,4.50293,1.57174,4.43062,6.20000,0.36111,0.00000
0.94167,0.94167,1.00000,0.578138,4.44331,0.93642,4.45553,0.82025,4.81995,0.16018,6.20000,0.96297,6.23296,0.85801,5.79945,0.24111,4.61009,1.35605,4.50391,1.07560,4.51547,1.57162,4.44331,6.20000,0.35408,0.00000
0.95000,0.95000,1.00000,0.564439,4.45556,0.93627,4.47306,0.81826,4.84253,0.16100,6.20000,0.96292,6.23291,0.85801,5.79869,0.24161,4.62166,1.35590,4.51948,1.07397,4.52735,1.57154,4.45556,6.20000,0.34753,0.00000
0.95833,0.95833,1.00000,0.551976,4.46738,0.93613,4.48953,0.81654,4.86328,0.16170,6.20000,0.96288,6.23289,0.85802,5.79820,0.24195,4.63289,1.35575,4.53428,1.07255,4.53891,1.57144,4.46738,6.20000,0.34147,0.00000
0.96667,0.96667,1.00000,0.540161,4.47875,0.93599,4.50529,0.81497,4.88331,0.16259,6.20000,0.96283,6.23306,0.85805,5.79813,0.24215,4.64360,1.35562,4.54837,1.07127,4.54991,1.57137,4.47875,6.20000,0.33589,0.00000
0.97500,0.97500,1.00000,0.528415,4.48967,0.93586,4.52037,0.81358,4.90239,0.16354,6.20000,0.96279,6.23285,0.85800,5.79721,0.24260,4.65394,1.35554,4.56188,1.07014,4.56048,1.57130,4.48967,6.20000,0.33077,0.00000
0.98333,0.98333,1.00000,0.517327,4.50015,0.93574,4.53484,0.81232,4.92060,0.16448,6.20000,0.96274,6.23287,0.85801,5.79653,0.24311,4.66397,1.35545,4.57487,1.06912,4.57068,1.57123,4.50015,6.20000,0.32612,0.00000
0.99167,0.99167,1.00000,0.507454,4.51019,0.93563,4.54826,0.81121,4.93724,0.16531,6.20000,0.96270,6.23296,0.85803,5.79638,0.24330,4.67347,1.35535,4.58701,1.06820,4.58041,1.57116,4.51019,6.20000,0.32193,0.00000
1.00000,1.00000,1.00000,0.498399,4.51977,0.93553,4.56074,0.81024,4.95220,0.16583,6.20000,0.96265,6.23295,0.85804,5.79590,0.24364,4.68276,1.35518,4.59850,1.06738,4.59002,1.57107,4.51977,6.20000,0.31817,0.00000
1.00833,1.00833,1.00000,0.489316,4.52892,0.93543,4.57275,0.80936,4.96693,0.16661,6.20000,0.96261,6.23290,0.85804,5.79514,0.24415,4.69158,1.35507,4.60942,1.06666,4.59907,1.57099,4.52892,6.20000,0.31483,0.00000
1.01667,1.01667,1.00000,0.481215,4.53762,0.93534,4.58378,0.80862,4.98017,0.16724,6.20000,0.96256,6.23281,0.85804,5.79458,0.24449,4.69984,1.35498,4.61956,1.06604,4.60749,1.57095,4.53762,6.20000,0.31191,0.00000
1.02500,1.02500,1.00000,0.473184,4.54589,0.93527,4.59457,0.80795,4.99342,0.16809,6.20000,0.96252,6.23286,0.85805,5.79416,0.24483,4.70786,1.35493,4.62936,1.06551,4.61564,1.57089,4.54589,6.20000,0.30937,0.00000
1.03333,1.03333,1.00000,0.465658,4.55372,0.93520,4.60453,0.80734,5.00534,0.16871,6.20000,0.96247,6.23265,0.85800,5.79325,0.24528,4.71548,1.35485,4.63853,1.06500,4.62340,1.57084,4.55372,6.20000,0.30721,0.00000
1.04167,1.04167,1.00000,0.458786,4.56112,0.93514,4.61373,0.80687,5.01626,0.16932,6.20000,0.96243,6.23254,0.85804,5.79243,0.24583,4.72265,1.35482,4.64704,1.06463,4.63063,1.57081,4.56112,6.20000,0.30539,0.00000
1.05000,1.05000,1.00000,0.452095,4.56811,0.93509,4.62258,0.80643,5.02706,0.17011,6.20000,0.96238,6.23243,0.85799,5.79186,0.24612,4.72949,1.35479,4.65510,1.06428,4.63752,1.57077,4.56811,6.20000,0.30389,0.00000
1.05833,1.05833,1.00000,0.447411,4.57468,0.93505,4.62957,0.80613,5.03430,0.16997,6.20000,0.96234,6.23231,0.85798,5.79102,0.24662,4.73582,1.35465,4.66199,1.06400,4.64432,1.57080,4.57468,6.20000,0.30270,0.00000
1.06667,1.06667,1.00000,0.441243,4.58084,0.93502,4.63754,0.80583,5.04422,0.17091,6.20000,0.96229,6.23222,0.85799,5.79047,0.24696,4.74188,1.35473,4.66917,1.06379,4.65005,1.57073,4.58084,6.20000,0.30176,0.00000
1.07500,1.07500,1.00000,0.436571,4.58662,0.93501,4.64399,0.80561,5.05140,0.17116,6.20000,0.96225,6.23209,0.85798,5.78964,0.24746,4.74748,1.35469,4.67532,1.06361,4.65588,1.57079,4.58662,6.20000,0.30107,0.00000
1.08333,1.08333,1.00000,0.430987,4.59201,0.93500,4.65091,0.80534,5.05978,0.17183,6.20000,0.96220,6.23186,0.85796,5.78847,0.24812,4.75302,1.35468,4.68165,1.06341,4.66130,1.57070,4.59201,6.20000,0.30059,0.00000
1.09167,1.09167,1.00000,0.427509,4.59703,0.93500,4.65646,0.80523,5.06582,0.17204,6.20000,0.96216,6.23198,0.85798,5.78859,0.24814,4.75804,1.35468,4.68700,1.06333,4.66632,1.57070,4.59703,6.20000,0.30027,0.00000
1.10000,1.10000,1.00000,0.422949,4.60169,0.93500,4.66220,0.80505,5.07277,0.17264,6.20000,0.96211,6.23185,0.85797,5.78776,0.24864,4.76273,1.35469,4.69225,1.06321,4.67097,1.57070,4.60169,6.20000,0.30010,0.00000
1.10833,1.10833,1.00000,0.419145,4.60600,0.93500,4.66717,0.80494,5.07846,0.17301,6.20000,0.96207,6.23172,0.85796,5.78693,0.24915,4.76706,1.35469,4.69692,1.06313,4.67529,1.57070,4.60600,6.20000,0.30002,0.00000
1.11667,1.11667,1.00000,0.415728,4.60998,0.93500,4.67159,0.80487,5.08337,0.17325,6.20000,0.96202,6.23146,0.85795,5.78596,0.24965,4.77106,1.35470,4.70114,1.06308,4.67927,1.57070,4.60998,6.20000,0.30000,0.00000
1.12500,1.12500,1.00000,0.320385,4.61366,0.93500,4.67591,0.80476,5.08841,0.17362,6.20000,0.96000,6.16306,0.86514,5.59798,0.36594,4.77474,1.35471,4.70516,1.06301,4.68295,1.57070,4.61366,6.20000,0.30000,0.00000
1.13333,1.13333,1.00000,0.317065,4.61703,0.93500,4.67972,0.80469,5.09271,0.17386,6.20000,0.95999,6.16225,0.86520,5.59564,0.36775,4.77813,1.35471,4.70877,1.06296,4.68632,1.57070,4.61703,6.20000,0.30000,0.00000
1.14167,1.14167,1.00000,0.315230,4.62012,0.93500,4.68347,0.80459,5.09719,0.17424,6.19997,0.95998,6.16295,0.86504,5.59749,0.36628,4.78126,1.35472,4.71223,1.06289,4.68941,1.57070,4.62012,6.19997,0.30000,0.00000
1.15000,1.15000,1.00000,0.314159,4.62296,0.93500,4.68674,0.80452,5.10094,0.17449,6.19992,0.95995,6.16397,0.86477,5.60023,0.36406,4.78410,1.35473,4.71530,1.06284,4.69225,1.57070,4.62296,6.19992,0.30000,0.00000
1.15833,1.15833,1.00000,0.313510,4.62555,0.93500,4.68977,0.80445,5.10445,0.17474,6.19981,0.95992,6.16528,0.86446,5.60366,0.36138,4.78671,1.35473,4.71813,1.06280,4.69484,1.57070,4.62555,6.19981,0.30000,0.00000
1.16667,1.16667,1.00000,0.312683,4.62791,0.93500,4.69279,0.80435,5.10820,0.17511,6.19962,0.95989,6.16644,0.86411,5.60714,0.35845,4.78909,1.35474,4.72085,1.06273,4.69720,1.57070,4.62791,6.19962,0.30000,0.00000
1.17500,1.17500,1.00000,0.313056,4.63006,0.93500,4.69538,0.80428,5.11127,0.17536,6.19933,0.95985,6.16833,0.86366,5.61253,0.35415,4.79126,1.35475,4.72324,1.06268,4.69935,1.57070,4.63006,6.19933,0.30000,0.00000
1.18333,1.18333,1.00000,0.313331,4.63201,0.93500,4.69777,0.80421,5.11414,0.17562,6.19892,0.95980,6.16989,0.86318,5.61743,0.35006,4.79323,1.35476,4.72544,1.06264,4.70130,1.57070,4.63201,6.19892,0.30000,0.00000
1.19167,1.19167,1.00000,0.314531,4.63379,0.93500,4.69977,0.80418,5.11638,0.17574,6.19837,0.95974,6.17195,0.86281,5.62344,0.34546,4.79502,1.35476,4.72734,1.06262,4.70308,1.57070,4.63379,6.19837,0.30000,0.00000
1.20000,1.20000,1.00000,0.318110,4.63540,0.93500,4.70182,0.80412,5.11892,0.17600,6.19765,0.95968,6.17702,0.86321,5.63430,0.33980,4.79665,1.35477,4.72919,1.06257,4.70469,1.57070,4.63540,6.19765,0.30000,0.00000
1.20833,1.20833,1.00000,0.323680,4.63686,0.93500,4.70372,0.80405,5.12130,0.17625,6.19675,0.95961,6.18440,0.86458,5.64835,0.33434,4.79812,1.35477,4.73089,1.06252,4.70615,1.57070,4.63686,6.19675,0.30000,0.00000
1.21667,1.21667,1.00000,0.332024,4.63819,0.93500,4.70527,0.80402,5.12308,0.17638,6.19567,0.95954,6.19432,0.86699,5.66667,0.32838,4.79946,1.35478,4.73234,1.06250,4.70747,1.57070,4.63819,6.19567,0.30000,0.00000
1.22500,1.22500,1.00000,0.341962,4.63938,0.93500,4.70690,0.80395,5.12520,0.17663,6.19438,0.95946,6.20610,0.87054,5.68783,0.32290,4.80067,1.35478,4.73377,1.06246,4.70867,1.57070,4.63938,6.19438,0.30000,0.00000
1.23333,1.23333,1.00000,0.354110,4.64046,0.93500,4.70842,0.80389,5.12720,0.17689,6.19288,0.95938,6.21962,0.87531,5.71259,0.31724,4.80176,1.35479,4.73509,1.06241,4.70975,1.57070,4.64046,6.19288,0.30000,0.00000
1.24167,1.24167,1.00000,0.368125,4.64144,0.93500,4.70962,0.80386,5.12864,0.17702,6.19117,0.95929,6.23432,0.88145,5.73963,0.31243,4.80275,1.35480,4.73619,1.06239,4.71073,1.57070,4.64144,6.19117,0.30000,0.00000
1.25000,1.25000,1.00000,0.382886,4.64232,0.93500,4.71094,0.80379,5.13044,0.17728,6.18924,0.95920,6.24959,0.88894,5.76790,0.30886,4.80365,1.35480,4.73731,1.06235,4.71161,1.57070,4.64232,6.18924,0.30000,0.00000
1.25833,1.25833,1.00000,0.399672,4.64311,0.93500,4.71195,0.80376,5.13170,0.17741,6.18710,0.95910,6.26573,0.89792,5.79889,0.30583,4.80446,1.35481,4.73823,1.06233,4.71240,1.57070,4.64311,6.18710,0.30000,0.00000
1.26667,1.26667,1.00000,0.416748,4.64383,0.93500,4.71289,0.80373,5.13288,0.17754,6.18474,0.95900,6.28157,0.90825,5.82987,0.30453,4.80518,1.35481,4.73907,1.06231,4.71312,1.57070,4.64383,6.18474,0.30000,0.00000
1.27500,1.27500,1.00000,0.435172,4.64447,0.93500,4.71375,0.80370,5.13397,0.17766,6.18217,0.95889,6.29773,0.92009,5.86288,0.30412,4.80583,1.35481,4.73983,1.06228,4.71376,1.57070,4.64447,6.18217,0.30000,0.00000
1.28333,1.28333,1.00000,0.453707,4.64505,0.93500,4.71455,0.80367,5.13502,0.17780,6.17941,0.95878,6.31315,0.93312,5.89572,0.30522,4.80642,1.35482,4.74053,1.06226,4.71434,1.57070,4.64505,6.17941,0.30000,0.00000
1.29167,1.29167,1.00000,0.472728,4.64557,0.93500,4.71530,0.80364,5.13600,0.17793,6.17644,0.95866,6.32805,0.94744,5.92910,0.30763,4.80695,1.35482,4.74118,1.06224,4.71486,1.57070,4.64557,6.17644,0.30000,0.00000
1.30000,1.30000,1.00000,0.491965,4.64603,0.93500,4.71598,0.80360,5.13692,0.17805,6.17330,0.95854,6.34198,0.96273,5.96261,0.31112,4.80742,1.35482,4.74176,1.06222,4.71532,1.57070,4.64603,6.17330,0.30000,0.00000
1.30833,1.30833,1.00000,0.510943,4.64645,0.93500,4.71662,0.80357,5.13780,0.17819,6.16999,0.95842,6.35485,0.97889,5.99539,0.31609,4.80785,1.35483,4.74231,1.06220,4.71574,1.57070,4.64645,6.16999,0.30000,0.00000
1.31667,1.31667,1.00000,0.529743,4.64683,0.93500,4.71722,0.80354,5.13865,0.17832,6.16651,0.95829,6.36658,0.99583,6.02762,0.32231,4.80824,1.35483,4.74281,1.06218,4.71612,1.57070,4.64683,6.16651,0.30000,0.00000
1.32500,1.32500,1.00000,0.548507,4.64717,0.93500,4.71777,0.80351,5.13943,0.17845,6.16290,0.95816,6.37697,1.01317,6.05963,0.32920,4.80858,1.35483,4.74326,1.06215,4.71646,1.57070,4.64717,6.16290,0.30000,0.00000
1.33333,1.33333,1.00000,0.566530,4.64747,0.93500,4.71830,0.80348,5.14020,0.17858,6.15915,0.95802,6.38609,1.03078,6.09014,0.33728,4.80890,1.35484,4.74369,1.06213,4.71676,1.57070,4.64747,6.15915,0.30000,0.00000
1.34167,1.34167,1.00000,0.584700,4.64774,0.93500,4.71857,0.80348,5.14047,0.17858,6.15529,0.95789,6.39399,1.04854,6.12027,0.34597,4.80917,1.35484,4.74396,1.06213,4.71703,1.57070,4.64774,6.15529,0.30000,0.00000
1.35000,1.35000,1.00000,0.601797,4.64798,0.93500,4.71902,0.80344,5.14117,0.17870,6.15134,0.95775,6.40038,1.06604,6.14888,0.35522,4.80941,1.35484,4.74431,1.06211,4.71727,1.57070,4.64798,6.15134,0.30000,0.00000
1.35833,1.35833,1.00000,0.618553,4.64820,0.93500,4.71947,0.80341,5.14185,0.17884,6.14730,0.95760,6.40579,1.08346,6.17676,0.36508,4.80964,1.35485,4.74466,1.06209,4.71749,1.57070,4.64820,6.14730,0.30000,0.00000
1.36667,1.36667,1.00000,0.634599,4.64839,0.93500,4.71966,0.80341,5.14204,0.17884,6.14319,0.95745,6.40997,1.10036,6.20281,0.37537,4.80984,1.35485,4.74485,1.06209,4.71768,1.57070,4.64839,6.14319,0.30000,0.00000
1.37500,1.37500,1.00000,0.650320,4.64857,0.93500,4.72006,0.80339,5.14268,0.17897,6.13904,0.95731,6.41326,1.11684,6.22871,0.38576,4.81003,1.35485,4.74515,1.06207,4.71786,1.57070,4.64857,6.13904,0.30000,0.00000
1.38333,1.38333,1.00000,0.665449,4.64872,0.93500,4.72022,0.80339,5.14284,0.17897,6.13485,0.95715,6.41538,1.13245,6.25307,0.39612,4.81018,1.35485,4.74531,1.06207,4.71801,1.57070,4.64872,6.13485,0.30000,0.00000
1.39167,1.39167,1.00000,0.679822,4.64886,0.93500,4.72057,0.80335,5.14343,0.17910,6.13065,0.95700,6.41699,1.14753,6.27649,0.40673,4.81032,1.35485,4.74556,1.06205,4.71815,1.57070,4.64886,6.13065,0.30000,0.00000
1.40000,1.40000,1.00000,0.693319,4.64898,0.93500,4.72069,0.80335,5.14355,0.17910,6.12645,0.95685,6.41739,1.16132,6.29797,0.41683,4.81044,1.35485,4.74568,1.06205,4.71827,1.57070,4.64898,6.12645,0.30000,0.00000
1.40833,1.40833,1.00000,0.706719,4.64910,0.93500,4.72103,0.80332,5.14413,0.17923,6.12226,0.95669,6.41768,1.17465,6.31972,0.42703,4.81057,1.35486,4.74592,1.06203,4.71839,1.57070,4.64910,6.12226,0.30000,0.00000
1.41667,1.41667,1.00000,0.719153,4.64919,0.93500,4.72113,0.80332,5.14423,0.17923,6.11811,0.95653,6.41721,1.18676,6.33935,0.43679,4.81067,1.35486,4.74602,1.06203,4.71848,1.57070,4.64919,6.11811,0.30000,0.00000
1.42500,1.42500,1.00000,0.731452,4.64928,0.93500,4.72121,0.80332,5.14432,0.17923,6.11399,0.95637,6.41648,1.19801,6.35878,0.44622,4.81076,1.35486,4.74610,1.06203,4.71857,1.57070,4.64928,6.11399,0.30000,0.00000
1.43333,1.43333,1.00000,0.742856,4.64936,0.93500,4.72129,0.80332,5.14439,0.17923,6.10994,0.95621,6.41538,1.20819,6.37673,0.45517,4.81083,1.35486,4.74618,1.06203,4.71865,1.57070,4.64936,6.10994,0.30000,0.00000
1.44167,1.44167,1.00000,0.753059,4.64943,0.93500,4.72159,0.80329,5.14493,0.17937,6.10596,0.95604,6.41393,1.21724,6.39320,0.46352,4.81092,1.35486,4.74638,1.06201,4.71872,1.57070,4.64943,6.10596,0.30000,0.00000
1.45000,1.45000,1.00000,0.763658,4.64949,0.93500,4.72165,0.80329,5.14499,0.17937,6.10206,0.95588,6.41245,1.22544,6.40993,0.47143,4.81098,1.35486,4.74644,1.06201,4.71878,1.57070,4.64949,6.10206,0.30000,0.00000
1.45833,1.45833,1.00000,0.772824,4.64955,0.93500,4.72192,0.80326,5.14550,0.17949,6.09825,0.95571,6.41084,1.23246,6.42480,0.47859,4.81104,1.35486,4.74661,1.06198,4.71884,1.57070,4.64955,6.09825,0.30000,0.00000
1.46667,1.46667,1.00000,0.782229,4.64960,0.93500,4.72197,0.80326,5.14555,0.17949,6.09455,0.95555,6.40922,1.23883,6.43967,0.48544,4.81109,1.35486,4.74666,1.06198,4.71889,1.57070,4.64960,6.09455,0.30000,0.00000
1.47500,1.47500,1.00000,0.790811,4.64964,0.93500,4.72201,0.80326,5.14559,0.17949,6.09097,0.95538,6.40753,1.24406,6.45328,0.49145,4.81113,1.35486,4.74671,1.06198,4.71893,1.57070,4.64964,6.09097,0.30000,0.00000
1.48333,1.48333,1.00000,0.799078,4.64968,0.93500,4.72205,0.80326,5.14563,0.17949,6.08751,0.95521,6.40598,1.24857,6.46644,0.49699,4.81117,1.35486,4.74675,1.06198,4.71897,1.57070,4.64968,6.08751,0.30000,0.00000
1.49167,1.49167,1.00000,0.807050,4.64972,0.93500,4.72209,0.80326,5.14567,0.17949,6.08418,0.95505,6.40435,1.25227,6.47921,0.50199,4.81121,1.35486,4.74678,1.06198,4.71901,1.57070,4.64972,6.08418,0.30000,0.00000
1.50000,1.50000,1.00000,0.814211,4.64975,0.93500,4.72235,0.80323,5.14616,0.17963,6.08099,0.95488,6.40284,1.25515,6.49121,0.50634,4.81125,1.35487,4.74694,1.06196,4.71904,1.57070,4.64975,6.08099,0.30000,0.00000
1.50833,1.50833,1.00000,0.821321,4.64978,0.93500,4.72237,0.80323,5.14619,0.17963,6.07794,0.95471,6.40143,1.25747,6.50272,0.51030,4.81128,1.35487,4.74697,1.06196,4.71907,1.57070,4.64978,6.07794,0.30000,0.00000
1.51667,1.51667,1.00000,0.827694,4.64980,0.93500,4.72240,0.80323,5.14622,0.17963,6.07504,0.95455,6.40003,1.25922,6.51306,0.51373,4.81130,1.35487,4.74699,1.06196,4.71909,1.57070,4.64980,6.07504,0.30000,0.00000
1.52500,1.52500,1.00000,0.832761,4.64982,0.93500,4.72242,0.80323,5.14624,0.17963,6.07229,0.95438,6.39856,1.26033,6.52130,0.51638,4.81133,1.35487,4.74701,1.06196,4.71911,1.57070,4.64982,6.07229,0.30000,0.00000
1.53333,1.53333,1.00000,0.837747,4.64984,0.93500,4.72244,0.80323,5.14626,0.17963,6.06969,0.95421,6.39701,1.26116,6.52943,0.51888,4.81135,1.35487,4.74703,1.06196,4.71913,1.57070,4.64984,6.06969,0.30000,0.00000
1.54167,1.54167,1.00000,0.841776,4.64986,0.93500,4.72246,0.80323,5.14628,0.17963,6.06725,0.95405,6.39536,1.26156,6.53603,0.52079,4.81136,1.35487,4.74705,1.06196,4.71915,1.57070,4.64986,6.06725,0.30000,0.00000
1.55000,1.55000,1.00000,0.845272,4.64988,0.93500,4.72247,0.80323,5.14629,0.17963,6.06496,0.95389,6.39375,1.26162,6.54180,0.52229,4.81138,1.35487,4.74707,1.06196,4.71917,1.57070,4.64988,6.06496,0.30000,0.00000
1.55833,1.55833,1.00000,0.848480,4.64989,0.93500,4.72270,0.80320,5.14676,0.17976,6.06282,0.95372,6.39210,1.26172,6.54751,0.52391,4.81139,1.35487,4.74719,1.06194,4.71918,1.57070,4.64989,6.06282,0.30000,0.00000
1.56667,1.56667,1.00000,0.851119,4.64990,0.93500,4.72271,0.80320,5.14677,0.17976,6.06082,0.95356,6.39052,1.26156,6.55187,0.52502,4.81141,1.35487,4.74720,1.06194,4.71919,1.57070,4.64990,6.06082,0.30000,0.00000
1.57500,1.57500,0.99981,0.853575,4.64991,0.93500,4.72272,0.80320,5.14678,0.17976,6.05898,0.95340,6.38885,1.26166,6.55585,0.52638,4.81142,1.35487,4.74721,1.06194,4.71915,1.57071,4.64991,6.05898,0.30000,0.00000
1.58333,1.58332,0.99707,0.854774,4.64992,0.93500,4.72234,0.80329,5.14616,0.17968,6.05727,0.95324,6.38670,1.26181,6.55708,0.52730,4.81124,1.35493,4.74693,1.06202,4.71906,1.57080,4.64992,6.05727,0.30000,0.00000
1.59167,1.59159,0.99121,0.853668,4.64993,0.93499,4.72218,0.80322,5.14576,0.17945,6.05571,0.95309,6.38387,1.26239,6.55453,0.52795,4.81130,1.35482,4.74687,1.06194,4.71928,1.57077,4.64993,6.05571,0.30000,0.00000
1.60000,1.59980,0.98254,0.849762,4.64994,0.93498,4.72179,0.80322,5.14513,0.17929,6.05428,0.95294,6.37999,1.26335,6.54699,0.52807,4.81112,1.35479,4.74658,1.06194,4.71913,1.57078,4.64994,6.05428,0.30000,0.00000
1.60833,1.60792,0.97153,0.841023,4.64995,0.93497,4.72207,0.80321,5.14589,0.17961,6.05298,0.95279,6.37453,1.26422,6.53278,0.52700,4.81098,1.35485,4.74667,1.06194,4.71884,1.57080,4.64995,6.05298,0.30000,0.00000
1.61667,1.61593,0.95873,0.829016,4.64995,0.93496,4.72130,0.80318,5.14440,0.17909,6.05180,0.95264,6.36728,1.26569,6.51051,0.52542,4.81084,1.35471,4.74619,1.06188,4.71890,1.57078,4.64995,6.05180,0.30000,0.00000
1.62500,1.62384,0.94475,0.810508,4.64996,0.93494,4.72093,0.80313,5.14379,0.17887,6.05073,0.95250,6.35744,1.26768,6.47790,0.52336,4.81068,1.35463,4.74592,1.06182,4.71885,1.57077,4.64996,6.05073,0.30000,0.00000
1.63333,1.63162,0.93019,0.786098,4.64996,0.93492,4.72085,0.80315,5.14395,0.17906,6.04976,0.95236,6.34497,1.27021,6.43565,0.52167,4.81039,1.35469,4.74574,1.06185,4.71842,1.57080,4.64996,6.04976,0.30000,0.00000
1.64167,1.63928,0.91567,0.760233,4.64997,0.93491,4.72029,0.80308,5.14291,0.17866,6.04889,0.95223,6.33086,1.27320,6.38902,0.52144,4.81025,1.35455,4.74537,1.06176,4.71848,1.57078,4.64997,6.04889,0.30000,0.00000
1.65000,1.64682,0.90171,0.732192,4.64997,0.93489,4.71994,0.80309,5.14256,0.17868,6.04810,0.95211,6.31517,1.27674,6.33869,0.52310,4.80990,1.35456,4.74503,1.06178,4.71803,1.57081,4.64997,6.04810,0.30000,0.00000
1.65833,1.65425,0.88878,0.703387,4.64997,0.93486,4.71928,0.80308,5.14142,0.17834,6.04739,0.95198,6.29818,1.28075,6.28526,0.52686,4.80966,1.35448,4.74456,1.06175,4.71790,1.57080,4.64997,6.04739,0.30000,0.00000
1.66667,1.66159,0.87729,0.674626,4.64998,0.93484,4.71877,0.80303,5.14067,0.17813,6.04674,0.95186,6.28004,1.28529,6.23130,0.53286,4.80936,1.35439,4.74415,1.06169,4.71766,1.57080,4.64998,6.04674,0.30000,0.00000
1.67500,1.66884,0.86755,0.645727,4.64998,0.93482,4.71825,0.80298,5.13992,0.17792,6.04616,0.95175,6.26085,1.29034,6.17582,0.54115,4.80906,1.35431,4.74374,1.06163,4.71742,1.57080,4.64998,6.04616,0.30000,0.00000
1.68333,1.67602,0.85980,0.617477,4.64998,0.93479,4.71753,0.80296,5.13871,0.17758,6.04562,0.95164,6.24072,1.29562,6.11960,0.55141,4.80876,1.35422,4.74321,1.06159,4.71718,1.57080,4.64998,6.04562,0.30000,0.00000
1.69167,1.68315,0.85422,0.590239,4.64998,0.93476,4.71694,0.80292,5.13789,0.17737,6.04514,0.95153,6.21992,1.30161,6.06384,0.56394,4.80838,1.35414,4.74272,1.06154,4.71686,1.57081,4.64998,6.04514,0.30000,0.00000
1.70000,1.69024,0.85094,0.564654,4.64998,0.93474,4.71610,0.80286,5.13657,0.17699,6.04469,0.95143,6.19842,1.30802,6.00856,0.57831,4.80797,1.35402,4.74208,1.06146,4.71658,1.57080,4.64998,6.04469,0.30000,0.00000
1.70833,1.69733,0.85001,0.540716,4.64999,0.93471,4.71559,0.80280,5.13581,0.17677,6.04428,0.95132,6.17637,1.31490,5.95479,0.59418,4.80766,1.35392,4.74167,1.06139,4.71634,1.57079,4.64999,6.04428,0.30000,0.00000
1.71667,1.70442,0.85146,0.518828,4.64999,0.93467,4.71446,0.80279,5.13397,0.17628,6.04391,0.95123,6.15344,1.32240,5.90085,0.61197,4.80717,1.35380,4.74084,1.06135,4.71599,1.57079,4.64999,6.04391,0.30000,0.00000
1.72500,1.71154,0.85525,0.503986,4.64999,0.93464,4.71406,0.80275,5.13356,0.17624,6.04356,0.95113,6.13356,1.33103,5.86172,0.62774,4.80677,1.35377,4.74044,1.06131,4.71551,1.57081,4.64999,6.04356,0.30000,0.00000
1.73333,1.71870,0.86129,0.502898,4.64999,0.93461,4.71314,0.80269,5.13217,0.17586,6.04325,0.95104,6.11997,1.34262,5.85137,0.63809,4.80628,1.35364,4.73972,1.06123,4.71516,1.57081,4.64999,6.04325,0.30000,0.00000
1.74167,1.72593,0.86944,0.516050,4.64999,0.93457,4.71228,0.80268,5.13082,0.17552,6.04296,0.95095,6.11041,1.36014,5.87203,0.64482,4.80583,1.35355,4.73905,1.06119,4.71473,1.57081,4.64999,6.04296,0.30000,0.00000
1.75000,1.73323,0.87951,0.548500,4.64999,0.93453,4.71146,0.80262,5.12964,0.17523,6.04269,0.95086,6.10315,1.38653,5.93067,0.65252,4.80533,1.35344,4.73838,1.06113,4.71432,1.57080,4.64999,6.04269,0.30000,0.00000
1.75833,1.74064,0.89124,0.597448,4.64999,0.93450,4.71063,0.80257,5.12845,0.17493,6.04244,0.95077,6.09549,1.41873,6.01588,0.66895,4.80482,1.35333,4.73770,1.06106,4.71387,1.57080,4.64999,6.04244,0.30000,0.00000
1.76667,1.74814,0.90431,0.651459,4.64999,0.93445,4.70956,0.80245,5.12667,0.17433,6.04221,0.95069,6.08517,1.45062,6.10314,0.69684,4.80439,1.35311,4.73693,1.06090,4.71368,1.57077,4.64999,6.04221,0.30000,0.00000
1.77500,1.75577,0.91830,0.706203,4.64999,0.93441,4.70881,0.80242,5.12591,0.17431,6.04199,0.95061,6.07204,1.48109,6.18701,0.73590,4.80363,1.35308,4.73618,1.06088,4.71284,1.57080,4.64999,6.04199,0.30000,0.00000
1.78333,1.76351,0.93276,0.762379,4.64999,0.93437,4.70770,0.80234,5.12408,0.17375,6.04180,0.95053,6.05644,1.50999,6.26648,0.78584,4.80316,1.35289,4.73537,1.06077,4.71249,1.57078,4.64999,6.04180,0.30000,0.00000
1.79167,1.77137,0.94715,0.817494,4.64999,0.93432,4.70646,0.80227,5.12211,0.17319,6.04162,0.95046,6.03856,1.53693,6.33858,0.84519,4.80255,1.35270,4.73442,1.06066,4.71206,1.57075,4.64999,6.04162,0.30000,0.00000
1.80000,1.77935,0.96088,0.870881,4.65000,0.93427,4.70540,0.80220,5.12058,0.17281,6.04145,0.95039,6.01886,1.56187,6.40279,0.91294,4.80192,1.35256,4.73356,1.06057,4.71146,1.57074,4.65000,6.04145,0.30000,0.00000
1.80833,1.78744,0.97336,0.921849,4.65000,0.93422,4.70427,0.80214,5.11896,0.17243,6.04131,0.95032,5.99776,1.58476,6.45778,0.98735,4.80120,1.35243,4.73263,1.06049,4.71084,1.57073,4.65000,6.04131,0.30000,0.00000
1.81667,1.79562,0.98399,0.962980,4.65000,0.93416,4.70321,0.80207,5.11742,0.17204,6.04117,0.95026,5.97552,1.60552,6.50294,1.06668,4.80057,1.35228,4.73177,1.06040,4.71025,1.57072,4.65000,6.04117,0.30000,0.00000
1.82500,1.80387,0.99224,0.964624,4.65000,0.93411,4.70194,0.80201,5.11567,0.17166,6.04105,0.95021,5.95299,1.62422,6.53804,1.14858,4.79972,1.35215,4.73070,1.06031,4.70944,1.57072,4.65000,6.04105,0.30000,0.00000
1.83333,1.81217,0.99765,0.964893,4.65000,0.93405,4.70043,0.80192,5.11319,0.17094,6.04093,0.95016,5.93046,1.64083,6.56327,1.23088,4.79905,1.35190,4.72958,1.06018,4.70898,1.57068,4.65000,6.04093,0.30000,0.00000
1.84167,1.82050,0.99993,0.963552,4.65000,0.93400,4.69941,0.80179,5.11168,0.17050,6.04083,0.95012,5.90815,1.65564,6.57955,1.31252,4.79845,1.35170,4.72876,1.06003,4.70843,1.57065,4.65000,6.04083,0.30000,0.00000
1.85000,1.82884,1.00000,0.961305,4.65000,0.93394,4.69833,0.80173,5.11036,0.17028,6.04074,0.95008,5.88680,1.66880,6.58786,1.39125,4.79758,1.35161,4.72778,1.05996,4.70751,1.57065,4.65000,6.04074,0.30000,0.00000
1.85833,1.83717,1.00000,0.957699,4.65000,0.93388,4.69858,0.80178,5.11134,0.17080,6.04066,0.95005,5.86647,1.68060,6.58941,1.46643,4.79720,1.35176,4.72773,1.06004,4.70659,1.57070,4.65000,6.04066,0.30000,0.00000
1.86667,1.84550,1.00000,0.971430,4.65000,0.93382,4.69788,0.80176,5.11063,0.17078,6.04059,0.95003,5.86907,1.71039,6.60714,1.55621,4.79650,1.35175,4.72703,1.06002,4.70562,1.57071,4.65000,6.04059,0.30000,0.00000
1.87500,1.85384,1.00000,0.991970,4.65000,0.93375,4.69717,0.80174,5.10993,0.17076,6.04053,0.95001,5.88301,1.74513,6.63060,1.64710,4.79579,1.35172,4.72633,1.06000,4.70473,1.57072,4.65000,6.04053,0.30000,0.00000
1.88333,1.86217,1.00000,1.011523,4.65000,0.93369,4.69666,0.80173,5.10966,0.17090,6.04047,0.95000,5.89917,1.77547,6.65173,1.72894,4.79507,1.35175,4.72571,1.06000,4.70368,1.57074,4.65000,6.04047,0.30000,0.00000
1.89167,1.87050,1.00000,1.029840,4.65000,0.93363,4.69625,0.80166,5.10949,0.17100,6.04042,0.95000,5.91713,1.80112,6.67113,1.80140,4.79445,1.35173,4.72521,1.05995,4.70278,1.57074,4.65000,6.04042,0.30000,0.00000
1.90000,1.87884,1.00000,1.046785,4.65000,0.93356,4.69582,0.80164,5.10930,0.17114,6.04037,0.95000,5.93704,1.82153,6.68993,1.86227,4.79380,1.35174,4.72467,1.05993,4.70183,1.57075,4.65000,6.04037,0.30000,0.00000
1.90833,1.88717,1.00000,1.062829,4.65000,0.93350,4.69528,0.80167,5.10900,0.17133,6.04033,0.95000,5.96863,1.82644,6.72190,1.85967,4.79306,1.35181,4.72403,1.05998,4.70065,1.57078,4.65000,6.04033,0.30000,0.00000
1.91667,1.89550,1.00000,1.077839,4.65000,0.93343,4.69478,0.80165,5.10874,0.17146,6.04030,0.95000,6.00514,1.82256,6.75913,1.82689,4.79234,1.35182,4.72343,1.05996,4.69959,1.57079,4.65000,6.04030,0.30000,0.00000
1.92500,1.90384,1.00000,1.091438,4.65000,0.93336,4.69452,0.80163,5.10897,0.17176,6.04026,0.95000,6.04180,1.81451,6.79529,1.78675,4.79167,1.35188,4.72298,1.05997,4.69848,1.57081,4.65000,6.04026,0.30000,0.00000
1.93333,1.91217,1.00000,1.103596,4.65000,0.93329,4.69406,0.80165,5.10875,0.17194,6.04023,0.95000,6.07784,1.80254,6.82925,1.74014,4.79100,1.35194,4.72242,1.06000,4.69737,1.57083,4.65000,6.04023,0.30000,0.00000
1.94167,1.92050,1.00000,1.113499,4.65000,0.93323,4.69400,0.80164,5.10941,0.17241,6.04021,0.95000,6.11257,1.78703,6.86005,1.68812,4.79030,1.35204,4.72206,1.06002,4.69616,1.57085,4.65000,6.04021,0.30000,0.00000
1.95000,1.92884,1.00000,1.121336,4.65000,0.93316,4.69384,0.80162,5.10974,0.17271,6.04019,0.95000,6.14562,1.76835,6.88709,1.63146,4.78972,1.35210,4.72170,1.06003,4.69513,1.57086,4.65000,6.04019,0.30000,0.00000
1.95833,1.93717,1.00000,1.127136,4.65000,0.93309,4.69359,0.80157,5.10961,0.17274,6.04017,0.95000,6.17676,1.74677,6.90989,1.57057,4.78936,1.35206,4.72140,1.05998,4.69446,1.57083,4.65000,6.04017,0.30000,0.00000
1.96667,1.94550,1.00000,1.130584,4.65000,0.93302,4.69337,0.80167,5.11023,0.17340,6.04015,0.95000,6.20555,1.72292,6.92799,1.50708,4.78840,1.35229,4.72084,1.06012,4.69277,1.57089,4.65000,6.04015,0.30000,0.00000
1.97500,1.95384,1.00000,1.132059,4.65000,0.93295,4.69319,0.80164,5.11053,0.17369,6.04013,0.95000,6.23187,1.69714,6.94120,1.44148,4.78780,1.35234,4.72046,1.06011,4.69174,1.57089,4.65000,6.04013,0.30000,0.00000
1.98333,1.96217,1.00000,1.131554,4.65000,0.93288,4.69299,0.80166,5.11082,0.17403,6.04012,0.95000,6.25526,1.67018,6.94940,1.37576,4.78718,1.35243,4.72007,1.06015,4.69060,1.57089,4.65000,6.04012,0.30000,0.00000
1.99167,1.97050,1.00000,1.129232,4.65000,0.93281,4.69285,0.80170,5.11139,0.17454,6.04010,0.95000,6.27626,1.64216,6.95296,1.30961,4.78640,1.35257,4.71962,1.06022,4.68922,1.57091,4.65000,6.04010,0.30000,0.00000
2.00000,1.97884,1.00000,1.125268,4.65000,0.93274,4.69284,0.80173,5.11210,0.17506,6.04009,0.95000,6.29457,1.61372,6.95203,1.24458,4.78576,1.35271,4.71931,1.06028,4.68797,1.57093,4.65000,6.04009,0.30000,0.00000
2.00833,1.98717,1.00000,1.120021,4.65000,0.93267,4.69283,0.80176,5.11281,0.17557,6.04008,0.95000,6.31046,1.58524,6.94717,1.18136,4.78511,1.35285,4.71900,1.06034,4.68673,1.57094,4.65000,6.04008,0.30000,0.00000
2.01667,1.99550,1.00000,1.113744,4.65000,0.93259,4.69273,0.80172,5.11319,0.17586,6.04007,0.95000,6.32380,1.55703,6.93859,1.12051,4.78459,1.35288,4.71871,1.06032,4.68572,1.57092,4.65000,6.04007,0.30000,0.00000
2.02500,2.00384,1.00000,1.106447,4.65000,0.93252,4.69255,0.80181,5.11374,0.17642,6.04006,0.95000,6.33492,1.52941,6.92701,1.06256,4.78379,1.35307,4.71824,1.06043,4.68422,1.57094,4.65000,6.04006,0.30000,0.00000
2.03333,2.01217,1.00000,1.098557,4.65000,0.93245,4.69254,0.80183,5.11445,0.17694,6.04006,0.95000,6.34391,1.50305,6.91333,1.00880,4.78314,1.35320,4.71793,1.06049,4.68298,1.57094,4.65000,6.04006,0.30000,0.00000
2.04167,2.02050,1.00000,1.090093,4.65000,0.93238,4.69261,0.80186,5.11523,0.17745,6.04005,0.95000,6.35113,1.47755,6.89761,0.95805,4.78257,1.35333,4.71770,1.06055,4.68181,1.57093,4.65000,6.04005,0.30000,0.00000
2.05000,2.02884,1.00000,1.080191,4.65000,0.93231,4.69260,0.80189,5.11594,0.17796,6.04005,0.95000,6.35659,1.45357,6.88067,0.91149,4.78193,1.35346,4.71739,1.06060,4.68056,1.57093,4.65000,6.04005,0.30000,0.00000
2.05833,2.03717,1.00000,1.067732,4.65000,0.93224,4.69277,0.80193,5.11707,0.17865,6.04004,0.95000,6.36097,1.43103,6.86345,0.86887,4.78126,1.35364,4.71717,1.06068,4.67915,1.57094,4.65000,6.04004,0.30000,0.00000
2.06667,2.04550,1.00000,1.055524,4.65000,0.93217,4.69276,0.80196,5.11778,0.17917,6.04004,0.95000,6.36405,1.41031,6.84617,0.83059,4.78061,1.35377,4.71686,1.06074,4.67790,1.57092,4.65000,6.04004,0.30000,0.00000
2.07500,2.05384,1.00000,1.043474,4.65000,0.93210,4.69283,0.80199,5.11856,0.17969,6.04003,0.95000,6.36618,1.39124,6.82915,0.79611,4.78004,1.35390,4.71662,1.06079,4.67673,1.57091,4.65000,6.04003,0.30000,0.00000
2.08333,2.06217,1.00000,1.031546,4.65000,0.93203,4.69300,0.80203,5.11969,0.18038,6.04003,0.95000,6.36747,1.37379,6.81267,0.76526,4.77937,1.35407,4.71640,1.06087,4.67538,1.57090,4.65000,6.04003,0.30000,0.00000
2.09167,2.07050,1.00000,1.021063,4.65000,0.93196,4.69297,0.80211,5.12037,0.18095,6.04002,0.95000,6.36843,1.35852,6.79809,0.73891,4.77870,1.35425,4.71607,1.06098,4.67402,1.57089,4.65000,6.04002,0.30000,0.00000
2.10000,2.07884,1.00000,1.011357,4.65000,0.93189,4.69295,0.80214,5.12107,0.18147,6.04002,0.95000,6.36888,1.34492,6.78465,0.71591,4.77805,1.35438,4.71576,1.06103,4.67277,1.57087,4.65000,6.04002,0.30000,0.00000
2.10833,2.08717,1.00000,1.002705,4.65000,0.93182,4.69302,0.80216,5.12185,0.18199,6.04002,0.95000,6.36897,1.33321,6.77285,0.69650,4.77748,1.35450,4.71553,1.06109,4.67160,1.57084,4.65000,6.04002,0.30000,0.00000
2.11667,2.09550,1.00000,0.995087,4.65000,0.93175,4.69338,0.80222,5.12340,0.18288,6.04002,0.95000,6.36914,1.32350,6.76346,0.68083,4.77678,1.35472,4.71539,1.06119,4.67014,1.57083,4.65000,6.04002,0.30000,0.00000
2.12500,2.10384,1.00000,0.989153,4.65000,0.93168,4.69334,0.80230,5.12407,0.18345,6.04002,0.95000,6.36916,1.31539,6.75581,0.66807,4.77611,1.35490,4.71505,1.06129,4.66878,1.57081,4.65000,6.04002,0.30000,0.00000
2.13333,2.11217,1.00000,0.984553,4.65000,0.93161,4.69345,0.80233,5.12489,0.18397,6.04001,0.95000,6.36914,1.30906,6.75031,0.65850,4.77558,1.35502,4.71487,1.06134,4.66767,1.57078,4.65000,6.04001,0.30000,0.00000
2.14167,2.12050,1.00000,0.981579,4.65000,0.93155,4.69341,0.80241,5.12556,0.18455,6.04001,0.95000,6.36931,1.30456,6.74724,0.65212,4.77491,1.35519,4.71453,1.06145,4.66632,1.57075,4.65000,6.04001,0.30000,0.00000
2.15000,2.12884,1.00000,0.980012,4.65000,0.93148,4.69343,0.80242,5.12605,0.18489,6.04001,0.95000,6.36970,1.30148,6.74613,0.64816,4.77450,1.35527,4.71435,1.06148,4.66539,1.57071,4.65000,6.04001,0.30000,0.00000
2.15833,2.13717,1.00000,0.979333,4.65000,0.93142,4.69360,0.80247,5.12717,0.18561,6.04001,0.95000,6.37015,1.29997,6.74708,0.64695,4.77382,1.35544,4.71412,1.06156,4.66409,1.57068,4.65000,6.04001,0.30000,0.00000
2.16667,2.14550,1.00000,0.979760,4.65000,0.93135,4.69391,0.80252,5.12843,0.18632,6.04001,0.95000,6.37073,1.29982,6.74991,0.64810,4.77328,1.35561,4.71403,1.06164,4.66287,1.57065,4.65000,6.04001,0.30000,0.00000
2.17500,2.15384,1.00000,0.981445,4.65000,0.93129,4.69408,0.80257,5.12955,0.18704,6.04001,0.95000,6.37145,1.30112,6.75463,0.65175,4.77261,1.35578,4.71381,1.06172,4.66151,1.57061,4.65000,6.04001,0.30000,0.00000
2.18333,2.16217,1.00000,0.984409,4.65000,0.93123,4.69399,0.80264,5.12993,0.18744,6.04001,0.95000,6.37225,1.30348,6.76064,0.65721,4.77210,1.35591,4.71352,1.06180,4.66046,1.57057,4.65000,6.04001,0.30000,0.00000
2.19167,2.17050,1.00000,0.987724,4.65000,0.93116,4.69410,0.80267,5.13074,0.18797,6.04001,0.95000,6.37311,1.30668,6.76768,0.66416,4.77157,1.35603,4.71333,1.06185,4.65934,1.57052,4.65000,6.04001,0.30000,0.00000
2.20000,2.17884,1.00000,0.992007,4.65000,0.93110,4.69420,0.80275,5.13155,0.18856,6.04001,0.95000,6.37396,1.31116,6.77639,0.67353,4.77103,1.35620,4.71313,1.06196,4.65818,1.57048,4.65000,6.04001,0.30000,0.00000
2.20833,2.18717,1.00000,0.996703,4.65000,0.93104,4.69432,0.80279,5.13238,0.18910,6.04000,0.95000,6.37493,1.31624,6.78588,0.68408,4.77051,1.35633,4.71296,1.06202,4.65707,1.57044,4.65000,6.04000,0.30000,0.00000
2.21667,2.19550,1.00000,1.001888,4.65000,0.93098,4.69445,0.80283,5.13320,0.18965,6.04000,0.95000,6.37589,1.32218,6.79625,0.69623,4.77000,1.35646,4.71278,1.06208,4.65601,1.57039,4.65000,6.04000,0.30000,0.00000
2.22500,2.20384,1.00000,1.007054,4.65000,0.93093,4.69457,0.80287,5.13403,0.19019,6.04000,0.95000,6.37677,1.32834,6.80668,0.70891,4.76949,1.35659,4.71260,1.06214,4.65495,1.57034,4.65000,6.04000,0.30000,0.00000
2.23333,2.21217,1.00000,1.012317,4.65000,0.93087,4.69465,0.80295,5.13482,0.19078,6.04000,0.95000,6.37759,1.33483,6.81742,0.72241,4.76893,1.35676,4.71239,1.06225,4.65379,1.57029,4.65000,6.04000,0.30000,0.00000
2.24167,2.22050,1.00000,1.017596,4.65000,0.93082,4.69477,0.80300,5.13564,0.19133,6.04000,0.95000,6.37843,1.34162,6.82831,0.73653,4.76841,1.35688,4.71221,1.06231,4.65273,1.57024,4.65000,6.04000,0.30000,0.00000
2.25000,2.22884,1.00000,1.022704,4.65000,0.93076,4.69489,0.80304,5.13647,0.19188,6.04000,0.95000,6.37909,1.34845,6.83911,0.75104,4.76790,1.35701,4.71204,1.06238,4.65167,1.57019,4.65000,6.04000,0.30000,0.00000
2.25833,2.23717,1.00000,1.027802,4.65000,0.93071,4.69497,0.80307,5.13701,0.19225,6.04000,0.95000,6.37967,1.35529,6.84970,0.76573,4.76755,1.35710,4.71191,1.06242,4.65086,1.57014,4.65000,6.04000,0.30000,0.00000
2.26667,2.24550,1.00000,1.025026,4.65000,0.93000,4.69696,0.80372,5.14809,0.19958,6.04000,0.95000,6.38006,1.36175,6.85976,0.78002,4.76125,1.35877,4.71002,1.06329,4.63748,1.56926,4.65000,6.04000,0.30000,0.00000
2.27500,2.25384,1.00000,1.029610,4.65000,0.93002,4.69693,0.80378,5.14806,0.19964,6.04000,0.95001,6.38047,1.36772,6.86925,0.79360,4.76122,1.35884,4.71000,1.06336,4.63743,1.56928,4.65000,6.04000,0.30000,0.00000
2.28333,2.26217,1.00000,1.033258,4.65000,0.93006,4.69723,0.80387,5.14882,0.20007,6.04002,0.95003,6.38077,1.37333,6.87808,0.80659,4.76109,1.35897,4.71009,1.06345,4.63714,1.56932,4.65000,6.04002,0.30000,0.00000
2.29167,2.27050,1.00000,1.036750,4.65000,0.93012,4.69744,0.80401,5.14949,0.20056,6.04005,0.95005,6.38113,1.37875,6.88687,0.81951,4.76088,1.35916,4.71010,1.06360,4.63673,1.56937,4.65000,6.04005,0.30000,0.00000
2.30000,2.27884,1.00000,1.039867,4.65000,0.93019,4.69777,0.80417,5.15029,0.20106,6.04012,0.95008,6.38132,1.38408,6.89515,0.83227,4.76078,1.35936,4.71024,1.06377,4.63646,1.56945,4.65000,6.04012,0.30000,0.00000
2.30833,2.28717,1.00000,1.042610,4.65000,0.93028,4.69812,0.80435,5.15110,0.20159,6.04023,0.95012,6.38141,1.38902,6.90302,0.84456,4.76070,1.35959,4.71038,1.06396,4.63619,1.56953,4.65000,6.04023,0.30000,0.00000
2.31667,2.29550,1.00000,1.044680,4.65000,0.93038,4.69862,0.80458,5.15252,0.20252,6.04040,0.95016,6.38169,1.39363,6.91056,0.85622,4.76035,1.35992,4.71049,1.06421,4.63550,1.56963,4.65000,6.04040,0.30000,0.00000
2.32500,2.30384,1.00000,1.046660,4.65000,0.93050,4.69897,0.80485,5.15357,0.20332,6.04064,0.95022,6.38197,1.39790,6.91760,0.86723,4.76007,1.36027,4.71054,1.06450,4.63488,1.56974,4.65000,6.04064,0.30000,0.00000
2.33333,2.31217,1.00000,1.048410,4.65000,0.93064,4.69950,0.80511,5.15479,0.20409,6.04097,0.95027,6.38221,1.40210,6.92451,0.87825,4.75996,1.36059,4.71077,1.06476,4.63456,1.56988,4.65000,6.04097,0.30000,0.00000
2.34167,2.32050,1.00000,1.049584,4.65000,0.93079,4.70016,0.80546,5.15661,0.20532,6.04140,0.95034,6.38275,1.40599,6.93124,0.88862,4.75956,1.36106,4.71094,1.06514,4.63370,1.57002,4.65000,6.04140,0.30000,0.00000
2.35000,2.32884,1.00000,1.050708,4.65000,0.93096,4.70070,0.80580,5.15806,0.20636,6.04193,0.95041,6.38298,1.40978,6.93759,0.89897,4.75924,1.36149,4.71108,1.06550,4.63302,1.57018,4.65000,6.04193,0.30000,0.00000
2.35833,2.33717,1.00000,1.051844,4.65000,0.93114,4.70121,0.80615,5.15926,0.20724,6.04259,0.95049,6.38351,1.41313,6.94356,0.90830,4.75911,1.36190,4.71128,1.06585,4.63259,1.57036,4.65000,6.04259,0.30000,0.00000
2.36667,2.34550,1.00000,1.052269,4.65000,0.93133,4.70215,0.80653,5.16158,0.20867,6.04337,0.95057,6.38409,1.41644,6.94954,0.91765,4.75878,1.36242,4.71163,1.06626,4.63181,1.57054,4.65000,6.04337,0.30000,0.00000
2.37500,2.35384,1.00000,1.053181,4.65000,0.93154,4.70266,0.80696,5.16301,0.20981,6.04429,0.95066,6.38512,1.41932,6.95532,0.92598,4.75843,1.36294,4.71174,1.06671,4.63103,1.57073,4.65000,6.04429,0.30000,0.00000
2.38333,2.36217,1.00000,1.053661,4.65000,0.93176,4.70343,0.80735,5.16491,0.21108,6.04534,0.95075,6.38597,1.42202,6.96069,0.93395,4.75813,1.36343,4.71201,1.06711,4.63041,1.57094,4.65000,6.04534,0.30000,0.00000
2.39167,2.37050,1.00000,1.053950,4.65000,0.93199,4.70435,0.80782,5.16721,0.21262,6.04653,0.95085,6.38700,1.42473,6.96619,0.94197,4.75777,1.36403,4.71233,1.06760,4.62958,1.57116,4.65000,6.04653,0.30000,0.00000
2.40000,2.37884,1.00000,1.054807,4.65000,0.93224,4.70491,0.80823,5.16845,0.21356,6.04787,0.95096,6.38811,1.42713,6.97135,0.94928,4.75769,1.36450,4.71260,1.06802,4.62928,1.57140,4.65000,6.04787,0.30000,0.00000
2.40833,2.38717,1.00000,1.055267,4.65000,0.93250,4.70564,0.80871,5.17033,0.21492,6.04936,0.95107,6.38960,1.42932,6.97648,0.95595,4.75736,1.36508,4.71283,1.06851,4.62855,1.57165,4.65000,6.04936,0.30000,0.00000
2.41667,2.39550,1.00000,1.055852,4.65000,0.93277,4.70623,0.80921,5.17182,0.21614,6.05099,0.95119,6.39111,1.43127,6.98143,0.96219,4.75709,1.36566,4.71302,1.06902,4.62790,1.57190,4.65000,6.05099,0.30000,0.00000
2.42500,2.40384,1.00000,1.056182,4.65000,0.93306,4.70706,0.80967,5.17379,0.21749,6.05277,0.95131,6.39270,1.43318,6.98625,0.96818,4.75686,1.36621,4.71335,1.06949,4.62735,1.57217,4.65000,6.05277,0.30000,0.00000
2.43333,2.41217,1.00000,1.056722,4.65000,0.93335,4.70782,0.81016,5.17546,0.21870,6.05469,0.95144,6.39477,1.43471,6.99116,0.97337,4.75677,1.36678,4.71372,1.07000,4.62700,1.57246,4.65000,6.05469,0.30000,0.00000
2.44167,2.42050,1.00000,1.057223,4.65000,0.93366,4.70843,0.81065,5.17698,0.21991,6.05675,0.95157,6.39666,1.43623,6.99569,0.97832,4.75652,1.36735,4.71393,1.07050,4.62646,1.57275,4.65000,6.05675,0.30000,0.00000
2.45000,2.42884,1.00000,1.057467,4.65000,0.93398,4.70924,0.81119,5.17891,0.22135,6.05894,0.95170,6.39886,1.43752,7.00017,0.98260,4.75626,1.36798,4.71424,1.07105,4.62586,1.57305,4.65000,6.05894,0.30000,0.00000
2.45833,2.43717,1.00000,1.057713,4.65000,0.93430,4.71015,0.81170,5.18096,0.22276,6.06127,0.95184,6.40123,1.43875,7.00462,0.98661,4.75611,1.36858,4.71465,1.07156,4.62545,1.57337,4.65000,6.06127,0.30000,0.00000
2.46667,2.44550,1.00000,1.058402,4.65000,0.93464,4.71071,0.81220,5.18219,0.22381,6.06372,0.95199,6.40386,1.43965,7.00898,0.98983,4.75603,1.36913,4.71491,1.07207,4.62520,1.57370,4.65000,6.06372,0.30000,0.00000
2.47500,2.45384,1.00000,1.059007,4.65000,0.93499,4.71133,0.81268,5.18349,0.22482,6.06629,0.95214,6.40646,1.44045,7.01313,0.99272,4.75600,1.36966,4.71523,1.07255,4.62508,1.57404,4.65000,6.06629,0.30000,0.00000
2.48333,2.46217,1.00000,1.059858,4.65000,0.93535,4.71178,0.81317,5.18439,0.22568,6.06897,0.95229,6.40943,1.44095,7.01730,0.99485,4.75603,1.37019,4.71548,1.07305,4.62502,1.57440,4.65000,6.06897,0.30000,0.00000
2.49167,2.47050,1.00000,1.060220,4.65000,0.93571,4.71251,0.81369,5.18602,0.22693,6.07175,0.95245,6.41227,1.44153,7.02134,0.99707,4.75590,1.37078,4.71581,1.07358,4.62471,1.57475,4.65000,6.07175,0.30000,0.00000
2.50000,2.47884,1.00000,1.060805,4.65000,0.93609,4.71329,0.81416,5.18747,0.22793,6.07464,0.95261,6.41543,1.44195,7.02552,0.99888,4.75604,1.37129,4.71629,1.07404,4.62489,1.57514,4.65000,6.07464,0.30000,0.00000
2.50833,2.48717,1.00000,1.061900,4.65000,0.93647,4.71363,0.81465,5.18804,0.22861,6.07761,0.95277,6.41865,1.44231,7.02959,1.00041,4.75617,1.37180,4.71654,1.07454,4.62501,1.57552,4.65000,6.07761,0.30000,0.00000
2.51667,2.49550,1.00000,1.062494,4.65000,0.93686,4.71425,0.81517,5.18933,0.22968,6.08066,0.95294,6.42217,1.44233,7.03361,1.00114,4.75615,1.37237,4.71686,1.07506,4.62494,1.57591,4.65000,6.08066,0.30000,0.00000
2.52500,2.50384,1.00000,1.063012,4.65000,0.93726,4.71503,0.81566,5.19079,0.23071,6.08379,0.95311,6.42576,1.44226,7.03755,1.00154,4.75629,1.37290,4.71734,1.07555,4.62506,1.57631,4.65000,6.08379,0.30000,0.00000
2.53333,2.51217,1.00000,1.064271,4.65000,0.93767,4.71530,0.81610,5.19105,0.23115,6.08698,0.95329,6.42935,1.44217,7.04147,1.00192,4.75655,1.37334,4.71760,1.07599,4.62553,1.57674,4.65000,6.08698,0.30000,0.00000
2.54167,2.52050,1.00000,1.065244,4.65000,0.93808,4.71576,0.81659,5.19174,0.23182,6.09023,0.95346,6.43305,1.44194,7.04534,1.00192,4.75680,1.37385,4.71797,1.07648,4.62589,1.57716,4.65000,6.09023,0.30000,0.00000
2.55000,2.52884,1.00000,1.066222,4.65000,0.93850,4.71625,0.81704,5.19245,0.23245,6.09353,0.95364,6.43688,1.44161,7.04917,1.00160,4.75708,1.37431,4.71836,1.07693,4.62636,1.57760,4.65000,6.09353,0.30000,0.00000
2.55833,2.53717,1.00000,1.067484,4.65000,0.93893,4.71652,0.81750,5.19272,0.23292,6.09687,0.95383,6.44074,1.44129,7.05303,1.00128,4.75734,1.37477,4.71862,1.07739,4.62683,1.57804,4.65000,6.09687,0.30000,0.00000
2.56667,2.54550,1.00000,1.068400,4.65000,0.93936,4.71711,0.81791,5.19354,0.23351,6.10024,0.95401,6.44481,1.44068,7.05676,1.00019,4.75773,1.37520,4.71912,1.07781,4.62748,1.57849,4.65000,6.10024,0.30000,0.00000
2.57500,2.55384,1.00000,1.069532,4.65000,0.93980,4.71742,0.81835,5.19385,0.23395,6.10363,0.95420,6.44892,1.43986,7.06037,0.99867,4.75803,1.37564,4.71943,1.07824,4.62805,1.57894,4.65000,6.10363,0.30000,0.00000
2.58333,2.56217,1.00000,1.071282,4.65000,0.94024,4.71739,0.81877,5.19337,0.23400,6.10704,0.95439,6.45308,1.43925,7.06419,0.99759,4.75843,1.37602,4.71960,1.07866,4.62881,1.57941,4.65000,6.10704,0.30000,0.00000
2.59167,2.57050,1.00000,1.072318,4.65000,0.94069,4.71788,0.81917,5.19386,0.23440,6.11045,0.95458,6.45719,1.43838,7.06762,0.99579,4.75892,1.37642,4.72009,1.07906,4.62970,1.57988,4.65000,6.11045,0.30000,0.00000
2.60000,2.57884,1.00000,1.073725,4.65000,0.94115,4.71811,0.81954,5.19386,0.23459,6.11386,0.95478,6.46133,1.43762,7.07125,0.99432,4.75936,1.37678,4.72041,1.07943,4.63056,1.58035,4.65000,6.11386,0.30000,0.00000
2.60833,2.58717,1.00000,1.075248,4.65000,0.94161,4.71825,0.81993,5.19355,0.23462,6.11726,0.95497,6.46570,1.43646,7.07460,0.99176,4.75993,1.37714,4.72075,1.07982,4.63157,1.58083,4.65000,6.11726,0.30000,0.00000
2.61667,2.59550,1.00000,1.077126,4.65000,0.94207,4.71815,0.82029,5.19278,0.23444,6.12065,0.95517,6.46995,1.43556,7.07816,0.98992,4.76048,1.37746,4.72096,1.08018,4.63267,1.58132,4.65000,6.12065,0.30000,0.00000
2.62500,2.60384,1.00000,1.078492,4.65000,0.94254,4.71844,0.82061,5.19262,0.23438,6.12401,0.95537,6.47424,1.43419,7.08126,0.98692,4.76119,1.37773,4.72144,1.08049,4.63397,1.58181,4.65000,6.12401,0.30000,0.00000
2.63333,2.61217,1.00000,1.079980,4.65000,0.94301,4.71856,0.82096,5.19229,0.23438,6.12734,0.95557,6.47851,1.43297,7.08449,0.98431,4.76174,1.37806,4.72176,1.08084,4.63507,1.58230,4.65000,6.12734,0.30000,0.00000
2.64167,2.62050,1.00000,1.081744,4.65000,0.94348,4.71863,0.82129,5.19169,0.23416,6.13063,0.95578,6.48267,1.43201,7.08780,0.98219,4.76245,1.37834,4.72213,1.08117,4.63637,1.58279,4.65000,6.13063,0.30000,0.00000
2.65000,2.62884,1.00000,1.083667,4.65000,0.94395,4.71844,0.82159,5.19060,0.23373,6.13388,0.95598,6.48703,1.43056,7.09078,0.97888,4.76312,1.37856,4.72235,1.08146,4.63776,1.58328,4.65000,6.13388,0.30000,0.00000
2.65833,2.63717,1.00000,1.085290,4.65000,0.94443,4.71852,0.82192,5.19000,0.23353,6.13708,0.95619,6.49127,1.42920,7.09380,0.97590,4.76383,1.37885,4.72272,1.08179,4.63906,1.58376,4.65000,6.13708,0.30000,0.00000
2.66667,2.64550,1.00000,1.087350,4.65000,0.94491,4.71832,0.82216,5.18867,0.23286,6.14022,0.95639,6.49533,1.42787,7.09664,0.97296,4.76471,1.37899,4.72302,1.08202,4.64080,1.58425,4.65000,6.14022,0.30000,0.00000
2.67500,2.65384,1.00000,1.089136,4.65000,0.94540,4.71832,0.82242,5.18776,0.23240,6.14330,0.95660,6.49946,1.42646,7.09937,0.96971,4.76555,1.37918,4.72341,1.08227,4.64244,1.58474,4.65000,6.14330,0.30000,0.00000
2.68333,2.66217,1.00000,1.090936,4.65000,0.94588,4.71814,0.82273,5.18668,0.23199,6.14631,0.95681,6.50338,1.42514,7.10207,0.96678,4.76623,1.37941,4.72364,1.08257,4.64378,1.58522,4.65000,6.14631,0.30000,0.00000
2.69167,2.67050,1.00000,1.092976,4.65000,0.94636,4.71795,0.82296,5.18535,0.23132,6.14925,0.95701,6.50736,1.42382,7.10481,0.96385,4.76710,1.37956,4.72394,1.08279,4.64553,1.58570,4.65000,6.14925,0.30000,0.00000
2.70000,2.67884,1.00000,1.094892,4.65000,0.94685,4.71775,0.82320,5.18402,0.23067,6.15212,0.95722,6.51148,1.42211,7.10716,0.95985,4.76798,1.37970,4.72424,1.08302,4.64728,1.58617,4.65000,6.15212,0.30000,0.00000
2.70833,2.68717,1.00000,1.097040,4.65000,0.94734,4.71745,0.82340,5.18235,0.22980,6.15490,0.95743,6.51532,1.42062,7.10958,0.95655,4.76895,1.37979,4.72453,1.08321,4.64916,1.58663,4.65000,6.15490,0.30000,0.00000
2.71667,2.69550,1.00000,1.098952,4.65000,0.94782,4.71725,0.82364,5.18102,0.22915,6.15760,0.95764,6.51906,1.41925,7.11189,0.95335,4.76982,1.37992,4.72484,1.08343,4.65091,1.58709,4.65000,6.15760,0.30000,0.00000
2.72500,2.70384,1.00000,1.100803,4.65000,0.94831,4.71708,0.82383,5.17970,0.22845,6.16021,0.95785,6.52268,1.41783,7.11408,0.95011,4.77072,1.38001,4.72516,1.08361,4.65276,1.58755,4.65000,6.16021,0.30000,0.00000
2.73333,2.71217,1.00000,1.102771,4.65000,0.94879,4.71677,0.82404,5.17803,0.22759,6.16274,0.95805,6.52636,1.41610,7.11596,0.94612,4.77169,1.38009,4.72545,1.08379,4.65464,1.58799,4.65000,6.16274,0.30000,0.00000
2.74167,2.72050,1.00000,1.105140,4.65000,0.94928,4.71628,0.82422,5.17593,0.22653,6.16517,0.95826,6.52995,1.41476,7.11811,0.94297,4.77269,1.38012,4.72566,1.08395,4.65668,1.58842,4.65000,6.16517,0.30000,0.00000
2.75000,2.72884,1.00000,1.107020,4.65000,0.94976,4.71610,0.82440,5.17461,0.22584,6.16750,0.95847,6.53339,1.41355,7.12029,0.94018,4.77358,1.38020,4.72598,1.08411,4.65853,1.58885,4.65000,6.16750,0.30000,0.00000
2.75833,2.73717,1.00000,1.109222,4.65000,0.95024,4.71561,0.82458,5.17250,0.22479,6.16974,0.95867,6.53663,1.41216,7.12207,0.93700,4.77457,1.38022,4.72618,1.08426,4.66052,1.58926,4.65000,6.16974,0.30000,0.00000
2.76667,2.74550,1.00000,1.111048,4.65000,0.95072,4.71532,0.82473,5.17084,0.22389,6.17188,0.95888,6.53992,1.41047,7.12353,0.93306,4.77557,1.38023,4.72649,1.08439,4.66255,1.58966,4.65000,6.17188,0.30000,0.00000
2.77500,2.75384,1.00000,1.113161,4.65000,0.95120,4.71482,0.82491,5.16872,0.22285,6.17392,0.95909,6.54294,1.40908,7.12508,0.92988,4.77656,1.38024,4.72669,1.08453,4.66459,1.59005,4.65000,6.17392,0.30000,0.00000
2.78333,2.76217,1.00000,1.114967,4.65000,0.95167,4.71455,0.82506,5.16706,0.22196,6.17586,0.95929,6.54578,1.40779,7.12645,0.92682,4.77756,1.38025,4.72702,1.08466,4.66657,1.59043,4.65000,6.17586,0.30000,0.00000
2.79167,2.77050,1.00000,1.116541,4.65000,0.95215,4.71431,0.82523,5.16567,0.22126,6.17770,0.95949,6.54872,1.40630,7.12773,0.92332,4.77839,1.38030,4.72727,1.08481,4.66837,1.59080,4.65000,6.17770,0.30000,0.00000
2.80000,2.77884,1.00000,1.118587,4.65000,0.95261,4.71381,0.82540,5.16354,0.22022,6.17944,0.95969,6.55153,1.40497,7.12905,0.92022,4.77937,1.38029,4.72747,1.08494,4.67035,1.59116,4.65000,6.17944,0.30000,0.00000
2.80833,2.78717,1.00000,1.120317,4.65000,0.95308,4.71351,0.82554,5.16186,0.21933,6.18109,0.95989,6.55405,1.40378,7.13027,0.91747,4.78036,1.38028,4.72777,1.08504,4.67238,1.59151,4.65000,6.18109,0.30000,0.00000
2.81667,2.79550,1.00000,1.121954,4.65000,0.95354,4.71324,0.82568,5.16018,0.21844,6.18263,0.96009,6.55664,1.40233,7.13117,0.91405,4.78136,1.38026,4.72809,1.08515,4.67431,1.59185,4.65000,6.18263,0.30000,0.00000
2.82500,2.80384,1.00000,1.123677,4.65000,0.95400,4.71294,0.82581,5.15849,0.21754,6.18408,0.96029,6.55922,1.40106,7.13226,0.91101,4.78234,1.38023,4.72839,1.08524,4.67629,1.59217,4.65000,6.18408,0.30000,0.00000
2.83333,2.81217,1.00000,1.125419,4.65000,0.95445,4.71248,0.82598,5.15663,0.21669,6.18543,0.96048,6.56143,1.40007,7.13333,0.90870,4.78316,1.38025,4.72853,1.08538,4.67808,1.59249,4.65000,6.18543,0.30000,0.00000
2.84167,2.82050,1.00000,1.127231,4.65000,0.95490,4.71209,0.82608,5.15460,0.21560,6.18669,0.96067,6.56382,1.39868,7.13403,0.90534,4.78425,1.38015,4.72884,1.08544,4.68025,1.59277,4.65000,6.18669,0.30000,0.00000
2.85000,2.82884,1.00000,1.128835,4.65000,0.95534,4.71177,0.82624,5.15287,0.21474,6.18786,0.96086,6.56580,1.39774,7.13487,0.90309,4.78520,1.38015,4.72911,1.08556,4.68212,1.59306,4.65000,6.18786,0.30000,0.00000
2.85833,2.83717,1.00000,1.130191,4.65000,0.95578,4.71152,0.82638,5.15145,0.21403,6.18895,0.96105,6.56800,1.39645,7.13555,0.90006,4.78602,1.38014,4.72936,1.08566,4.68385,1.59334,4.65000,6.18895,0.30000,0.00000
2.86667,2.84550,1.00000,1.131682,4.65000,0.95621,4.71131,0.82648,5.14983,0.21312,6.18995,0.96123,6.56981,1.39550,7.13621,0.89780,4.78708,1.38006,4.72975,1.08572,4.68591,1.59359,4.65000,6.18995,0.30000,0.00000
2.87500,2.85384,1.00000,1.133046,4.65000,0.95663,4.71103,0.82664,5.14837,0.21245,6.19087,0.96141,6.57164,1.39461,7.13690,0.89561,4.78786,1.38008,4.72997,1.08585,4.68753,1.59386,4.65000,6.19087,0.30000,0.00000
2.88333,2.86217,1.00000,1.134717,4.65000,0.95705,4.71059,0.82675,5.14629,0.21139,6.19172,0.96159,6.57339,1.39351,7.13730,0.89300,4.78891,1.37998,4.73022,1.08590,4.68958,1.59408,4.65000,6.19172,0.30000,0.00000
2.89167,2.87050,1.00000,1.135488,4.65000,0.95746,4.71073,0.82690,5.14571,0.21103,6.19249,0.96177,6.57502,1.39268,7.13778,0.89088,4.78968,1.38004,4.73066,1.08603,4.69110,1.59433,4.65000,6.19249,0.30000,0.00000
2.90000,2.87884,1.00000,1.136726,4.65000,0.95787,4.71052,0.82703,5.14433,0.21033,6.19321,0.96194,6.57663,1.39178,7.13824,0.88868,4.79054,1.38002,4.73095,1.08612,4.69280,1.59455,4.65000,6.19321,0.30000,0.00000
2.90833,2.88717,1.00000,1.138120,4.65000,0.95827,4.71031,0.82709,5.14269,0.20940,6.19386,0.96211,6.57800,1.39103,7.13864,0.88685,4.79160,1.37990,4.73133,1.08614,4.69480,1.59473,4.65000,6.19386,0.30000,0.00000
2.91667,2.89550,1.00000,1.139350,4.65000,0.95865,4.70994,0.82727,5.14114,0.20874,6.19445,0.96228,6.57955,1.39004,7.13884,0.88435,4.79229,1.37991,4.73146,1.08627,4.69625,1.59493,4.65000,6.19445,0.30000,0.00000
2.92500,2.90384,1.00000,1.139946,4.65000,0.95903,4.71021,0.82737,5.14069,0.20835,6.19499,0.96244,6.58077,1.38934,7.13909,0.88258,4.79319,1.37992,4.73203,1.08634,4.69785,1.59513,4.65000,6.19499,0.30000,0.00000
2.93333,2.91217,1.00000,1.141141,4.65000,0.95941,4.70997,0.82753,5.13926,0.20769,6.19548,0.96260,6.58212,1.38858,7.13947,0.88075,4.79401,1.37992,4.73228,1.08646,4.69943,1.59532,4.65000,6.19548,0.30000,0.00000
2.94167,2.92050,1.00000,1.141830,4.65000,0.95977,4.71006,0.82766,5.13864,0.20732,6.19593,0.96276,6.58334,1.38793,7.13971,0.87904,4.79473,1.37995,4.73267,1.08657,4.70078,1.59550,4.65000,6.19593,0.30000,0.00000
2.95000,2.92884,1.00000,1.142641,4.65000,0.96012,4.71005,0.82776,5.13768,0.20677,6.19633,0.96291,6.58454,1.38707,7.13974,0.87690,4.79557,1.37992,4.73306,1.08663,4.70232,1.59565,4.65000,6.19633,0.30000,0.00000
2.95833,2.93717,1.00000,1.143491,4.65000,0.96047,4.70995,0.82786,5.13663,0.20621,6.19670,0.96306,6.58558,1.38635,7.13980,0.87511,4.79632,1.37988,4.73336,1.08669,4.70378,1.59580,4.65000,6.19670,0.30000,0.00000
2.96667,2.94550,1.00000,1.144088,4.65000,0.96080,4.71013,0.82795,5.13609,0.20581,6.19703,0.96320,6.58653,1.38583,7.13996,0.87375,4.79714,1.37987,4.73383,1.08676,4.70520,1.59594,4.65000,6.19703,0.30000,0.00000
2.97500,2.95384,1.00000,1.144713,4.65000,0.96113,4.71012,0.82810,5.13537,0.20547,6.19733,0.96334,6.58757,1.38512,7.14002,0.87197,4.79776,1.37992,4.73412,1.08688,4.70637,1.59609,4.65000,6.19733,0.30000,0.00000
2.98333,2.96217,1.00000,1.145345,4.65000,0.96144,4.71023,0.82818,5.13475,0.20506,6.19760,0.96347,6.58852,1.38459,7.14018,0.87060,4.79850,1.37990,4.73452,1.08693,4.70767,1.59622,4.65000,6.19760,0.30000,0.00000
2.99167,2.97050,1.00000,1.146034,4.65000,0.96174,4.71021,0.82830,5.13403,0.20470,6.19785,0.96360,6.58936,1.38422,7.14043,0.86960,4.79913,1.37992,4.73481,1.08703,4.70884,1.59635,4.65000,6.19785,0.30000,0.00000
3.00000,2.97884,1.00000,1.146562,4.65000,0.96204,4.71032,0.82836,5.13341,0.20426,6.19807,0.96373,6.59017,1.38359,7.14026,0.86791,4.79986,1.37988,4.73521,1.08705,4.71014,1.59644,4.65000,6.19807,0.30000,0.00000
3.00833,2.98717,1.00000,1.147002,4.65000,0.96232,4.71042,0.82848,5.13303,0.20407,6.19827,0.96385,6.59096,1.38321,7.14045,0.86690,4.80039,1.37993,4.73551,1.08716,4.71112,1.59657,4.65000,6.19827,0.30000,0.00000
3.01667,2.99550,1.00000,1.147108,4.65000,0.96258,4.71089,0.82854,5.13327,0.20396,6.19845,0.96396,6.59173,1.38283,7.14062,0.86588,4.80107,1.37995,4.73608,1.08721,4.71221,1.59667,4.65000,6.19845,0.30000,0.00000
3.02500,3.00384,1.00000,1.147745,4.65000,0.96284,4.71081,0.82863,5.13246,0.20356,6.19861,0.96407,6.59247,1.38234,7.14057,0.86455,4.80162,1.37994,4.73629,1.08727,4.71324,1.59676,4.65000,6.19861,0.30000,0.00000
3.03333,3.01217,1.00000,1.148261,4.65000,0.96308,4.71069,0.82875,5.13163,0.20320,6.19876,0.96418,6.59305,1.38172,7.14036,0.86309,4.80214,1.37995,4.73648,1.08736,4.71417,1.59685,4.65000,6.19876,0.30000,0.00000
3.04167,3.02050,1.00000,1.148121,4.65000,0.96331,4.71113,0.82882,5.13207,0.20327,6.19889,0.96428,6.59360,1.38137,7.14031,0.86211,4.80258,1.38002,4.73692,1.08743,4.71487,1.59697,4.65000,6.19889,0.30000,0.00000
3.05000,3.02884,1.00000,1.148798,4.65000,0.96353,4.71118,0.82886,5.13139,0.20282,6.19900,0.96437,6.59428,1.38112,7.14059,0.86144,4.80326,1.37995,4.73726,1.08743,4.71604,1.59700,4.65000,6.19900,0.30000,0.00000
3.05833,3.03717,1.00000,1.148868,4.65000,0.96373,4.71140,0.82893,5.13138,0.20274,6.19911,0.96446,6.59473,1.38074,7.14044,0.86044,4.80370,1.37999,4.73759,1.08750,4.71674,1.59709,4.65000,6.19911,0.30000,0.00000
3.06667,3.04550,1.00000,1.149268,4.65000,0.96392,4.71143,0.82898,5.13092,0.20246,6.19920,0.96454,6.59521,1.38042,7.14053,0.85970,4.80415,1.37997,4.73781,1.08752,4.71754,1.59714,4.65000,6.19920,0.30000,0.00000
3.07500,3.05384,1.00000,1.149692,4.65000,0.96410,4.71135,0.82907,5.13037,0.20223,6.19929,0.96461,6.59558,1.38025,7.14049,0.85911,4.80449,1.37999,4.73793,1.08760,4.71816,1.59721,4.65000,6.19929,0.30000,0.00000
3.08333,3.06217,1.00000,1.149501,4.65000,0.96426,4.71169,0.82913,5.13070,0.20229,6.19936,0.96468,6.59609,1.37970,7.14021,0.85773,4.80483,1.38005,4.73827,1.08766,4.71867,1.59728,4.65000,6.19936,0.30000,0.00000
3.09167,3.07050,1.00000,1.149753,4.65000,0.96441,4.71183,0.82916,5.13060,0.20216,6.19943,0.96475,6.59640,1.37973,7.14052,0.85775,4.80518,1.38004,4.73850,1.08767,4.71929,1.59732,4.65000,6.19943,0.30000,0.00000
3.10000,3.07884,1.00000,1.149939,4.65000,0.96454,4.71190,0.82919,5.13043,0.20203,6.19949,0.96480,6.59678,1.37948,7.14049,0.85709,4.80546,1.38003,4.73868,1.08769,4.71984,1.59736,4.65000,6.19949,0.30000,0.00000
3.10833,3.08717,1.00000,1.150058,4.65000,0.96465,4.71194,0.82925,5.13023,0.20193,6.19955,0.96485,6.59702,1.37921,7.14033,0.85640,4.80571,1.38006,4.73881,1.08774,4.72022,1.59740,4.65000,6.19955,0.30000,0.00000
3.11667,3.09550,1.00000,1.150256,4.65000,0.96475,4.71206,0.82924,5.13011,0.20176,6.19960,0.96489,6.59730,1.37912,7.14041,0.85610,4.80605,1.38002,4.73904,1.08773,4.72078,1.59742,4.65000,6.19960,0.30000,0.00000
3.12500,3.10384,1.00000,1.150227,4.65000,0.96484,4.71232,0.82924,5.13037,0.20176,6.19964,0.96493,6.59751,1.37910,7.14062,0.85608,4.80631,1.38001,4.73930,1.08772,4.72116,1.59743,4.65000,6.19964,0.30000,0.00000
3.13333,3.11217,1.00000,1.150180,4.65000,0.96490,4.71240,0.82929,5.13045,0.20181,6.19968,0.96496,6.59765,1.37898,7.14056,0.85575,4.80638,1.38006,4.73937,1.08778,4.72129,1.59748,4.65000,6.19968,0.30000,0.00000
3.14167,3.12050,1.00000,1.150301,4.65000,0.96495,4.71236,0.82930,5.13017,0.20166,6.19971,0.96498,6.59783,1.37864,7.14034,0.85500,4.80656,1.38004,4.73944,1.08777,4.72154,1.59748,4.65000,6.19971,0.30000,0.00000
3.15000,3.12884,1.00000,1.150044,4.65000,0.96498,4.71259,0.82930,5.13064,0.20182,6.19975,0.96499,6.59786,1.37865,7.14037,0.85501,4.80657,1.38007,4.73956,1.08778,4.72160,1.59750,4.65000,6.19975,0.30000,0.00000
3.15833,3.13717,1.00000,1.150287,4.65000,0.96500,4.71247,0.82929,5.13028,0.20165,6.19977,0.96500,6.59789,1.37866,7.14039,0.85502,4.80667,1.38002,4.73955,1.08776,4.72178,1.59749,4.65000,6.19977,0.30000,0.00000
