t,standX,hipX,hipY,headX,headY,shX,shY,elX,elY,handX,handY,tipX,tipY
0.00000,4.650000,4.650000,0.965000,4.721778,1.597488,4.805701,1.379677,4.767787,1.082203,4.645008,0.853175,4.794507,0.114164
0.01667,4.649837,4.649837,0.964970,4.721745,1.597436,4.805636,1.379583,4.736722,1.087735,4.638454,0.847155,4.864089,0.127724
0.03333,4.648225,4.648225,0.964881,4.721131,1.597195,4.804543,1.379099,4.705064,1.096210,4.631891,0.846837,4.929860,0.154224
0.05000,4.642813,4.642813,0.964736,4.716740,1.596891,4.799726,1.378542,4.695162,1.097494,4.634699,0.844738,4.967328,0.168088
0.06667,4.631083,4.631083,0.964540,4.706900,1.596404,4.789174,1.377668,4.677423,1.099401,4.612895,0.847653,4.934577,0.165730
0.08333,4.610899,4.610899,0.964295,4.688234,1.595923,4.770101,1.376886,4.640556,1.106445,4.566609,0.857302,4.862425,0.163767
0.10000,4.580785,4.580785,0.964004,4.659796,1.595373,4.741277,1.376017,4.586725,1.119046,4.499224,0.874333,4.756556,0.165618
0.11667,4.533668,4.533668,0.963671,4.615166,1.594334,4.695947,1.374518,4.512541,1.137274,4.408633,0.899064,4.617270,0.174517
0.13333,4.442581,4.442581,0.963299,4.524530,1.593973,4.606122,1.374227,4.394633,1.161629,4.274175,0.931337,4.431176,0.193874
0.15000,4.325736,4.325736,0.962891,4.408460,1.593528,4.490773,1.373798,4.253422,1.190504,4.116168,0.969801,4.217889,0.222701
0.16667,4.200326,4.200326,0.962450,4.283659,1.593094,4.366804,1.373429,4.107795,1.222254,3.954664,1.012241,4.001126,0.259679
0.18333,4.077131,4.077131,0.961979,4.161292,1.592595,4.245079,1.372905,3.969362,1.254889,3.801642,1.056317,3.794335,0.302354
0.20000,3.962533,3.962533,0.961483,4.047272,1.592119,4.131780,1.372416,3.844523,1.286168,3.664285,1.098869,3.608155,0.346959
0.21667,3.859943,3.859943,0.960964,3.945669,1.591557,4.030657,1.371764,3.736262,1.314426,3.545552,1.137799,3.446284,0.390360
0.23333,3.770815,3.770815,0.960425,3.857545,1.590985,3.942882,1.371064,3.644713,1.338625,3.445566,1.171569,3.309739,0.429901
0.25000,3.695336,3.695336,0.959869,3.783184,1.590374,3.868780,1.370280,3.569105,1.357911,3.363575,1.198770,3.198846,0.462981
0.26667,3.632919,3.632919,0.959300,3.722099,1.589717,3.807599,1.369325,3.507682,1.372251,3.297366,1.219489,3.110141,0.489100
0.28333,3.582527,3.582527,0.958722,3.672907,1.589092,3.758379,1.368442,3.458745,1.381831,3.245252,1.233539,3.042662,0.507261
0.30000,3.542895,3.542895,0.958136,3.634622,1.588403,3.720049,1.367505,3.420778,1.387441,3.205202,1.242193,2.992325,0.518864
0.31667,3.512677,3.512677,0.957547,3.605890,1.587690,3.691115,1.366493,3.392101,1.389986,3.175306,1.246562,2.956332,0.525055
0.33333,3.490535,3.490535,0.956958,3.585276,1.586990,3.670126,1.365407,3.371252,1.390621,3.153689,1.248363,2.930843,0.528042
0.35000,3.477543,3.477543,0.949984,3.594234,1.577359,3.675300,1.350657,3.377173,1.383540,3.156028,1.246918,2.914752,0.532559
0.36667,3.473072,3.473072,0.949926,3.589816,1.577295,3.670325,1.350545,3.372299,1.384344,3.150735,1.248401,2.907266,0.534786
0.38333,3.474329,3.474329,0.949827,3.590591,1.577289,3.670781,1.350599,3.372873,1.385427,3.150839,1.250249,2.904907,0.537479
0.40000,3.479625,3.479625,0.949689,3.595362,1.577253,3.675610,1.350682,3.377823,1.386538,3.155375,1.252042,2.907257,0.540030
0.41667,3.487995,3.487995,0.949514,3.603125,1.577202,3.684156,1.350829,3.386425,1.387141,3.163773,1.252987,2.914565,0.541355
0.43333,3.498923,3.498923,0.949304,3.613046,1.577184,3.695537,1.351182,3.397864,1.387948,3.175112,1.253964,2.925363,0.542523
0.45000,3.512165,3.512165,0.949061,3.625440,1.577109,3.709548,1.351537,3.411993,1.389213,3.189244,1.255229,2.939502,0.543786
0.46667,3.527627,3.527627,0.948787,3.640008,1.577011,3.725961,1.351987,3.428845,1.392967,3.206978,1.257532,2.961888,0.544475
0.48333,3.545287,3.545287,0.948483,3.656399,1.576953,3.744342,1.352595,3.449791,1.409118,3.235290,1.262300,3.027714,0.537433
0.50000,3.565147,3.565147,0.948153,3.674936,1.576873,3.764882,1.353297,3.477752,1.439957,3.280549,1.270617,3.153289,0.527432
0.51667,3.587202,3.587202,0.947798,3.695720,1.576760,3.787563,1.354033,3.511871,1.472126,3.336074,1.280659,3.297579,0.527641
0.53333,3.611423,3.611423,0.947419,3.718556,1.576632,3.812253,1.354792,3.548965,1.498426,3.391911,1.291310,3.424242,0.538003
0.55000,3.637752,3.637752,0.947019,3.743425,1.576503,3.838844,1.355622,3.588090,1.520160,3.447203,1.301726,3.536596,0.553044
0.56667,3.666099,3.666099,0.946600,3.770258,1.576356,3.867343,1.356445,3.628534,1.537883,3.500962,1.311416,3.634967,0.569420
0.58333,3.696341,3.696341,0.946164,3.798753,1.576230,3.897497,1.357368,3.666845,1.549067,3.550810,1.316478,3.721915,0.582150
0.60000,3.728331,3.728331,0.945713,3.829325,1.576029,3.929362,1.358092,3.701900,1.553565,3.595507,1.316411,3.796600,0.589722
0.61667,3.761896,3.761896,0.945249,3.860998,1.575889,3.962398,1.358968,3.732627,1.551721,3.635037,1.310811,3.862748,0.592019
0.63333,3.796847,3.796847,0.944774,3.894222,1.575713,3.996781,1.359732,3.759575,1.543259,3.670452,1.299090,3.923110,0.588682
0.65000,3.832979,3.832979,0.944289,3.928755,1.575496,4.032325,1.360363,3.783153,1.527282,3.702131,1.280306,3.978082,0.578618
0.66667,3.870080,3.870080,0.943798,3.963992,1.575317,4.068428,1.360979,3.804803,1.503985,3.732354,1.254360,4.032358,0.562614
0.68333,3.907931,3.907931,0.943301,4.000159,1.575096,4.105097,1.361323,3.826927,1.473441,3.763136,1.221464,4.086833,0.540483
0.70000,3.946311,3.946311,0.942801,4.036834,1.574879,4.141870,1.361428,3.851628,1.436984,3.795206,1.183254,4.138609,0.511995
0.71667,3.985002,3.985002,0.942299,4.073871,1.574648,4.178714,1.361287,3.880862,1.396410,3.830486,1.141411,4.189748,0.478504
0.73333,4.023788,4.023788,0.941799,4.110821,1.574442,4.215346,1.361075,3.915525,1.353497,3.869360,1.097701,4.239499,0.440805
0.75000,4.062459,4.062459,0.941301,4.147868,1.574209,4.251790,1.360691,3.956148,1.310224,3.911649,1.054133,4.286057,0.399660
0.76667,4.100813,4.100813,0.940809,4.184780,1.573947,4.287953,1.360219,4.002488,1.268234,3.957103,1.012297,4.329243,0.356532
0.78333,4.138658,4.138658,0.940322,4.221074,1.573697,4.323556,1.359809,4.053816,1.228691,4.005291,0.973330,4.369351,0.313044
0.80000,4.175812,4.175812,0.939845,4.256901,1.573505,4.358242,1.359205,4.108798,1.192696,4.054215,0.938567,4.402470,0.269813
0.81667,4.212107,4.212107,0.939378,4.291612,1.573258,4.392403,1.358916,4.168185,1.159757,4.105451,0.907531,4.431994,0.227915
0.83333,4.247383,4.247383,0.938925,4.325650,1.573019,4.425528,1.358454,4.230080,1.131011,4.156775,0.881663,4.454389,0.188894
0.85000,4.281498,4.281498,0.938486,4.358453,1.572803,4.457464,1.358057,4.286677,1.111565,4.209280,0.863464,4.495451,0.165892
0.86667,4.314322,4.314322,0.938063,4.390267,1.572564,4.488421,1.357656,4.334063,1.100561,4.261348,0.851050,4.560591,0.158986
0.88333,4.345740,4.345740,0.937659,4.420516,1.572365,4.517848,1.357293,4.376397,1.092877,4.310122,0.841580,4.627059,0.157438
0.90000,4.375651,4.375651,0.937276,4.449743,1.572122,4.546185,1.356863,4.416223,1.086615,4.355945,0.833812,4.689070,0.157405
0.91667,4.403969,4.403969,0.936916,4.477193,1.571920,4.572882,1.356541,4.453275,1.081553,4.398249,0.827554,4.745319,0.158195
0.93333,4.430624,4.430624,0.936581,4.502928,1.571742,4.597999,1.356278,4.487742,1.077408,4.437403,0.822437,4.796745,0.159585
0.95000,4.455564,4.455564,0.936272,4.527348,1.571540,4.621664,1.355901,4.519476,1.073972,4.473057,0.818259,4.842532,0.161000
0.96667,4.478748,4.478748,0.935991,4.549905,1.571373,4.643605,1.355620,4.548369,1.071266,4.505291,0.814967,4.883311,0.162586
0.98333,4.500154,4.500154,0.935742,4.570683,1.571227,4.663974,1.355451,4.574868,1.069116,4.534842,0.812322,4.920596,0.164483
1.00000,4.519775,4.519775,0.935525,4.590018,1.571068,4.682762,1.355179,4.598502,1.067380,4.560744,0.810241,4.952202,0.165833
1.01667,4.537621,4.537621,0.935343,4.607493,1.570948,4.699841,1.354981,4.619564,1.066045,4.583780,0.808623,4.980172,0.167237
1.03333,4.553717,4.553717,0.935197,4.623402,1.570837,4.715478,1.354845,4.638531,1.065003,4.604527,0.807340,5.005340,0.168707
1.05000,4.568105,4.568105,0.935090,4.637516,1.570772,4.729486,1.354795,4.655100,1.064285,4.622579,0.806429,5.027061,0.170114
1.06667,4.580844,4.580844,0.935024,4.650050,1.570733,4.741884,1.354728,4.669171,1.063794,4.637541,0.805827,5.044219,0.170913
1.08333,4.592007,4.592007,0.935000,4.661296,1.570700,4.753023,1.354678,4.681650,1.063413,4.650911,0.805338,5.059779,0.171832
1.10000,4.601685,4.601685,0.935000,4.670975,1.570700,4.762730,1.354689,4.692251,1.063206,4.662205,0.805050,5.072773,0.172644
1.11667,4.609985,4.609985,0.935000,4.679275,1.570700,4.771059,1.354700,4.701138,1.063082,4.671588,0.804869,5.083368,0.173252
1.13333,4.617030,4.617030,0.935000,4.686320,1.570700,4.778132,1.354712,4.708772,1.062960,4.679717,0.804690,5.092708,0.173864
1.15000,4.622957,4.622957,0.935000,4.692247,1.570700,4.784102,1.354728,4.715302,1.062844,4.686742,0.804519,5.100942,0.174487
1.16667,4.627906,4.627906,0.935000,4.697196,1.570700,4.789094,1.354745,4.720854,1.062729,4.692790,0.804350,5.108197,0.175113
1.18333,4.632013,4.632013,0.935000,4.701303,1.570700,4.793230,1.354756,4.725437,1.062636,4.697769,0.804214,5.114142,0.175616
1.20000,4.635402,4.635402,0.935000,4.704691,1.570700,4.796647,1.354767,4.729190,1.062569,4.701820,0.804116,5.118916,0.175997
1.21667,4.638185,4.638185,0.935000,4.707475,1.570700,4.799459,1.354778,4.732338,1.062503,4.705266,0.804019,5.123084,0.176380
1.23333,4.640462,4.640462,0.935000,4.709752,1.570700,4.801764,1.354790,4.735093,1.062412,4.708416,0.803886,5.127197,0.176889
1.25000,4.642318,4.642318,0.935000,4.711607,1.570700,4.803648,1.354801,4.737314,1.062347,4.710935,0.803790,5.130437,0.177276
1.26667,4.643826,4.643826,0.935000,4.713115,1.570700,4.805185,1.354812,4.739074,1.062307,4.712894,0.803731,5.132877,0.177538
1.28333,4.645047,4.645047,0.935000,4.714336,1.570700,4.806420,1.354818,4.740534,1.062262,4.714552,0.803666,5.135016,0.177796
1.30000,4.646033,4.646033,0.935000,4.715323,1.570700,4.807421,1.354823,4.741760,1.062217,4.715976,0.803601,5.136919,0.178054
1.31667,4.646828,4.646828,0.935000,4.716118,1.570700,4.808245,1.354835,4.742808,1.062178,4.717223,0.803542,5.138646,0.178318
1.33333,4.647468,4.647468,0.935000,4.716758,1.570700,4.808899,1.354840,4.743687,1.062134,4.718300,0.803478,5.140203,0.178578
1.35000,4.647981,4.647981,0.935000,4.717271,1.570700,4.809412,1.354840,4.744312,1.062109,4.719025,0.803444,5.141167,0.178705
1.36667,4.648393,4.648393,0.935000,4.717682,1.570700,4.809837,1.354846,4.744850,1.062090,4.719662,0.803415,5.142044,0.178838
1.38333,4.648722,4.648722,0.935000,4.718011,1.570700,4.810181,1.354852,4.745305,1.062070,4.720216,0.803386,5.142838,0.178971
1.40000,4.648984,4.648984,0.935000,4.718274,1.570700,4.810443,1.354852,4.745680,1.062046,4.720691,0.803352,5.143552,0.179099
1.41667,4.649194,4.649194,0.935000,4.718484,1.570700,4.810668,1.354857,4.746017,1.062027,4.721126,0.803323,5.144227,0.179233
1.43333,4.649361,4.649361,0.935000,4.718651,1.570700,4.810834,1.354857,4.746183,1.062027,4.721293,0.803323,5.144394,0.179233
1.45000,4.649494,4.649494,0.935000,4.718784,1.570700,4.810982,1.354863,4.746443,1.062008,4.721652,0.803295,5.144992,0.179367
1.46667,4.649600,4.649600,0.935000,4.718889,1.570700,4.811087,1.354863,4.746661,1.061983,4.721969,0.803260,5.145549,0.179495
1.48333,4.649683,4.649683,0.935000,4.718973,1.570700,4.811171,1.354863,4.746745,1.061983,4.722053,0.803260,5.145633,0.179495
1.50000,4.649750,4.649750,0.935000,4.719039,1.570700,4.811252,1.354869,4.746938,1.061964,4.722345,0.803231,5.146164,0.179629
1.51667,4.649803,4.649803,0.935000,4.719092,1.570700,4.811305,1.354869,4.746991,1.061964,4.722398,0.803231,5.146217,0.179629
1.53333,4.649844,4.649844,0.935000,4.719134,1.570700,4.811346,1.354869,4.747032,1.061964,4.722440,0.803231,5.146258,0.179629
1.55000,4.649877,4.649877,0.935000,4.719167,1.570700,4.811379,1.354869,4.747065,1.061964,4.722473,0.803231,5.146292,0.179629
1.56667,4.649903,4.649903,0.935000,4.719193,1.570700,4.811405,1.354869,4.747204,1.061939,4.722711,0.803197,5.146769,0.179757
1.58332,4.649924,4.649924,0.934995,4.719062,1.570801,4.811245,1.354926,4.746931,1.062021,4.722339,0.803288,5.146158,0.179685
1.59980,4.649940,4.649940,0.934981,4.719132,1.570780,4.811120,1.354792,4.746581,1.061935,4.721790,0.803221,5.145130,0.179293
1.61593,4.649952,4.649952,0.934957,4.718900,1.570783,4.810843,1.354715,4.746192,1.061883,4.721302,0.803179,5.144403,0.179089
1.63162,4.649962,4.649962,0.934925,4.718422,1.570804,4.810388,1.354686,4.745738,1.061854,4.720848,0.803149,5.143950,0.179059
1.64682,4.649970,4.649970,0.934886,4.718026,1.570808,4.809903,1.354563,4.745028,1.061780,4.719940,0.803094,5.142562,0.178680
1.66159,4.649975,4.649975,0.934841,4.717659,1.570803,4.809364,1.354395,4.744152,1.061687,4.718766,0.803030,5.140671,0.178130
1.67602,4.649980,4.649980,0.934791,4.717175,1.570802,4.808761,1.354223,4.743213,1.061589,4.717529,0.802962,5.138715,0.177577
1.69024,4.649984,4.649984,0.934736,4.716584,1.570801,4.807967,1.354017,4.742082,1.061459,4.716101,0.802861,5.136567,0.176992
1.70442,4.649987,4.649987,0.934675,4.715991,1.570793,4.807171,1.353804,4.740837,1.061347,4.714459,0.802788,5.133965,0.176275
1.71870,4.649989,4.649989,0.934608,4.715163,1.570805,4.806276,1.353639,4.739717,1.061233,4.713142,0.802694,5.132167,0.175860
1.73323,4.649992,4.649992,0.934535,4.714325,1.570804,4.805329,1.353443,4.738378,1.061126,4.711455,0.802623,5.129639,0.175227
1.74814,4.649993,4.649993,0.934454,4.713675,1.570766,4.804388,1.353105,4.736933,1.060904,4.709564,0.802448,5.126665,0.174331
1.76351,4.649994,4.649994,0.934366,4.712493,1.570775,4.803160,1.352889,4.735369,1.060766,4.707704,0.802342,5.124082,0.173746
1.77935,4.649996,4.649996,0.934269,4.711462,1.570745,4.801915,1.352564,4.733565,1.060572,4.705404,0.802202,5.120576,0.172809
1.79562,4.649996,4.649996,0.934165,4.710246,1.570721,4.800569,1.352282,4.731771,1.060395,4.703214,0.802068,5.117420,0.172039
1.81217,4.649997,4.649997,0.934053,4.708975,1.570678,4.799053,1.351903,4.729584,1.060176,4.700432,0.801916,5.113188,0.170935
1.82884,4.649998,4.649998,0.933937,4.707515,1.570649,4.797582,1.351607,4.727777,1.059960,4.698328,0.801734,5.110358,0.170279
1.84550,4.649998,4.649998,0.933815,4.705616,1.570713,4.796498,1.351745,4.727028,1.060018,4.697877,0.801758,5.110632,0.170778
1.86217,4.649999,4.649999,0.933690,4.703676,1.570740,4.795068,1.351751,4.725710,1.059997,4.696658,0.801726,5.109655,0.170904
1.87884,4.649999,4.649999,0.933562,4.701835,1.570750,4.793804,1.351742,4.724670,1.059934,4.695816,0.801641,5.109298,0.171136
1.89550,4.649999,4.649999,0.933430,4.699589,1.570790,4.792344,1.351822,4.723433,1.059962,4.694777,0.801647,5.108742,0.171459
1.91217,4.649999,4.649999,0.933295,4.697373,1.570825,4.790997,1.351939,4.722422,1.059999,4.694063,0.801651,5.108752,0.171940
1.92884,4.650000,4.650000,0.933158,4.695127,1.570857,4.789718,1.352097,4.721704,1.060027,4.693840,0.801624,5.109736,0.172709
1.94550,4.650000,4.650000,0.933019,4.692774,1.570889,4.788402,1.352292,4.720836,1.060118,4.693368,0.801673,5.110228,0.173396
1.96217,4.650000,4.650000,0.932879,4.690602,1.570894,4.787184,1.352429,4.720066,1.060151,4.692995,0.801665,5.110818,0.174028
1.97884,4.650000,4.650000,0.932737,4.687972,1.570926,4.785758,1.352710,4.719313,1.060279,4.692836,0.801731,5.112103,0.175057
1.99550,4.650000,4.650000,0.932595,4.685715,1.570922,4.784592,1.352881,4.718707,1.060323,4.692727,0.801725,5.113194,0.175857
2.01217,4.650000,4.650000,0.932452,4.682977,1.570940,4.783141,1.353201,4.717929,1.060492,4.692544,0.801835,5.114450,0.176936
2.02884,4.650000,4.650000,0.932310,4.680560,1.570930,4.781926,1.353462,4.717388,1.060604,4.692598,0.801889,5.115940,0.177961
2.04550,4.650000,4.650000,0.932168,4.677904,1.570925,4.780610,1.353771,4.716858,1.060741,4.692762,0.801960,5.117777,0.179171
2.06217,4.650000,4.650000,0.932027,4.675378,1.570902,4.779368,1.354074,4.716403,1.060874,4.693002,0.802029,5.119688,0.180384
2.07884,4.650000,4.650000,0.931888,4.672774,1.570870,4.778049,1.354377,4.715759,1.061033,4.692954,0.802135,5.121068,0.181473
2.09550,4.650000,4.650000,0.931750,4.670139,1.570833,4.776781,1.354724,4.715391,1.061190,4.693379,0.802224,5.123396,0.182878
2.11217,4.650000,4.650000,0.931615,4.667673,1.570780,4.775581,1.355017,4.714867,1.061343,4.693451,0.802326,5.124891,0.183971
2.12884,4.650000,4.650000,0.931482,4.665390,1.570711,4.774497,1.355266,4.714346,1.061475,4.693427,0.802418,5.126052,0.184892
2.14550,4.650000,4.650000,0.931352,4.662869,1.570645,4.773284,1.355612,4.714035,1.061638,4.693911,0.802518,5.128428,0.186321
2.16217,4.650000,4.650000,0.931226,4.660456,1.570567,4.772096,1.355910,4.713523,1.061801,4.693995,0.802635,5.129929,0.187440
2.17884,4.650000,4.650000,0.931103,4.658179,1.570482,4.771029,1.356204,4.713132,1.061960,4.694201,0.802750,5.131549,0.188560
2.19550,4.650000,4.650000,0.930985,4.656011,1.570388,4.770000,1.356458,4.712780,1.062082,4.694445,0.802829,5.133205,0.189646
2.21217,4.650000,4.650000,0.930871,4.653788,1.570293,4.768931,1.356755,4.712389,1.062248,4.694650,0.802954,5.134820,0.190782
2.22884,4.650000,4.650000,0.930763,4.651673,1.570191,4.767900,1.357014,4.712036,1.062377,4.694893,0.803043,5.136470,0.191885
2.24550,4.650000,4.650000,0.930004,4.637482,1.569261,4.761250,1.358768,4.710024,1.063290,4.696961,0.803717,5.148091,0.199576
2.26217,4.650000,4.650000,0.930063,4.637138,1.569321,4.761093,1.358967,4.710094,1.063449,4.697230,0.803866,5.148823,0.200072
2.27884,4.650000,4.650000,0.930190,4.636463,1.569445,4.760781,1.359364,4.710236,1.063768,4.697770,0.804165,5.150288,0.201064
2.29550,4.650000,4.650000,0.930383,4.635499,1.569631,4.760354,1.359925,4.710488,1.064213,4.698619,0.804582,5.152524,0.202524
2.31217,4.650000,4.650000,0.930639,4.634556,1.569880,4.759960,1.360589,4.710774,1.064763,4.699503,0.805105,5.154792,0.204092
2.32884,4.650000,4.650000,0.930956,4.633024,1.570179,4.759242,1.361493,4.711078,1.065498,4.700703,0.805803,5.158063,0.206365
2.34550,4.650000,4.650000,0.931330,4.631813,1.570537,4.758776,1.362418,4.711633,1.066258,4.702155,0.806528,5.161581,0.208672
2.36217,4.650000,4.650000,0.931760,4.630411,1.570942,4.758129,1.363431,4.712009,1.067110,4.703427,0.807349,5.164914,0.211081
2.37884,4.650000,4.650000,0.932242,4.629278,1.571404,4.757694,1.364499,4.712596,1.068021,4.704910,0.808231,5.168452,0.213559
2.39550,4.650000,4.650000,0.932774,4.627899,1.571903,4.757090,1.365657,4.713016,1.069024,4.706226,0.809208,5.171818,0.216140
2.41217,4.650000,4.650000,0.933353,4.627002,1.572462,4.756767,1.366780,4.713717,1.069996,4.707825,0.810159,5.175460,0.218701
2.42884,4.650000,4.650000,0.933976,4.625861,1.573053,4.756262,1.367980,4.714236,1.071049,4.709240,0.811192,5.178914,0.221351
2.44550,4.650000,4.650000,0.934641,4.625202,1.573700,4.756025,1.369134,4.714911,1.072075,4.710712,0.812204,5.182193,0.223806
2.46217,4.650000,4.650000,0.935346,4.625018,1.574399,4.756027,1.370190,4.715481,1.073053,4.711781,0.813174,5.184388,0.225681
2.47884,4.650000,4.650000,0.936086,4.624888,1.575137,4.756041,1.371288,4.716294,1.074044,4.713291,0.814156,5.187474,0.227934
2.49550,4.650000,4.650000,0.936861,4.624942,1.575912,4.756147,1.372367,4.716856,1.075062,4.714251,0.815170,5.189332,0.229676
2.51217,4.650000,4.650000,0.937667,4.625532,1.576737,4.756554,1.373344,4.717604,1.075995,4.715299,0.816100,5.191053,0.231153
2.52884,4.650000,4.650000,0.938501,4.626359,1.577596,4.757079,1.374310,4.718358,1.076931,4.716251,0.817035,5.192454,0.232453
2.54550,4.650000,4.650000,0.939361,4.627477,1.578488,4.757727,1.375202,4.719119,1.077808,4.717113,0.817912,5.193539,0.233513
2.56217,4.650000,4.650000,0.940244,4.628810,1.579408,4.758432,1.376025,4.719597,1.078661,4.717391,0.818767,5.193368,0.234002
2.57884,4.650000,4.650000,0.941147,4.630564,1.580353,4.759364,1.376780,4.720414,1.079432,4.718108,0.819539,5.193862,0.234592
2.59550,4.650000,4.650000,0.942069,4.632671,1.581320,4.760477,1.377455,4.720957,1.080183,4.718153,0.820295,5.192784,0.234437
2.61217,4.650000,4.650000,0.943005,4.635069,1.582296,4.761737,1.378055,4.721762,1.080844,4.718559,0.820962,5.192291,0.234376
2.62884,4.650000,4.650000,0.943954,4.637760,1.583275,4.763119,1.378563,4.722345,1.081461,4.718445,0.821588,5.190601,0.233733
2.64550,4.650000,4.650000,0.944913,4.640802,1.584254,4.764706,1.378991,4.723022,1.082016,4.718324,0.822157,5.188674,0.232856
2.66217,4.650000,4.650000,0.945879,4.643785,1.585217,4.766231,1.379414,4.723635,1.082569,4.718140,0.822726,5.186680,0.231985
2.67884,4.650000,4.650000,0.946849,4.647280,1.586169,4.767975,1.379697,4.724242,1.083018,4.717751,0.823198,5.184022,0.230666
2.69550,4.650000,4.650000,0.947821,4.650906,1.587092,4.769820,1.379922,4.724836,1.083431,4.717248,0.823641,5.181015,0.229147
2.71217,4.650000,4.650000,0.948792,4.654638,1.587987,4.771688,1.380090,4.725453,1.083791,4.716770,0.824036,5.178025,0.227591
2.72884,4.650000,4.650000,0.949760,4.658531,1.588846,4.773579,1.380196,4.725981,1.084113,4.716103,0.824402,5.174608,0.225841
2.74550,4.650000,4.650000,0.950721,4.662553,1.589659,4.775567,1.380232,4.726494,1.084391,4.715322,0.824733,5.170837,0.223894
2.76217,4.650000,4.650000,0.951674,4.666574,1.590430,4.777563,1.380253,4.727016,1.084661,4.714549,0.825063,5.167064,0.221960
2.77884,4.650000,4.650000,0.952615,4.670349,1.591164,4.779374,1.380293,4.727468,1.084937,4.713806,0.825399,5.163540,0.220221
2.79550,4.650000,4.650000,0.953542,4.674312,1.591846,4.781357,1.380262,4.728092,1.085150,4.713236,0.825678,5.160181,0.218436
2.81217,4.650000,4.650000,0.954452,4.678082,1.592487,4.783156,1.380247,4.728533,1.085383,4.712483,0.825983,5.156629,0.216691
2.82884,4.650000,4.650000,0.955342,4.682118,1.593060,4.785203,1.380147,4.729111,1.085560,4.711768,0.826243,5.152870,0.214745
2.84550,4.650000,4.650000,0.956210,4.685907,1.593592,4.787079,1.380063,4.729745,1.085716,4.711309,0.826475,5.149828,0.213122
2.86217,4.650000,4.650000,0.957053,4.689585,1.594078,4.788910,1.379984,4.730223,1.085904,4.710593,0.826752,5.146285,0.211387
2.87884,4.650000,4.650000,0.957869,4.692802,1.594545,4.790539,1.380020,4.730949,1.086123,4.710525,0.827032,5.144326,0.210334
2.89550,4.650000,4.650000,0.958654,4.696254,1.594933,4.792289,1.379910,4.731460,1.086267,4.709942,0.827265,5.141138,0.208742
2.91217,4.650000,4.650000,0.959407,4.699429,1.595315,4.794007,1.379917,4.732277,1.086463,4.709966,0.827529,5.139262,0.207686
2.92884,4.650000,4.650000,0.960124,4.702318,1.595654,4.795575,1.379920,4.733057,1.086633,4.710051,0.827761,5.137681,0.206768
2.94550,4.650000,4.650000,0.960803,4.705205,1.595936,4.797139,1.379874,4.733835,1.086757,4.710133,0.827948,5.136095,0.205809
2.96217,4.650000,4.650000,0.961441,4.707672,1.596219,4.798502,1.379900,4.734523,1.086930,4.710226,0.828177,5.134754,0.205059
2.97884,4.650000,4.650000,0.962035,4.710137,1.596444,4.799862,1.379875,4.735210,1.087053,4.710317,0.828357,5.133411,0.204265
2.99550,4.650000,4.650000,0.962583,4.712206,1.596667,4.801075,1.379955,4.736085,1.087208,4.710894,0.828542,5.133268,0.203962
3.01217,4.650000,4.650000,0.963082,4.714174,1.596852,4.802143,1.379953,4.736479,1.087358,4.710693,0.828750,5.131629,0.203200
3.02884,4.650000,4.650000,0.963530,4.716043,1.597004,4.803262,1.379953,4.737262,1.087434,4.711179,0.828856,5.131394,0.202823
3.04550,4.650000,4.650000,0.963924,4.717541,1.597144,4.804145,1.379968,4.737809,1.087525,4.711428,0.828978,5.130923,0.202461
3.06217,4.650000,4.650000,0.964260,4.718674,1.597283,4.804831,1.380049,4.738270,1.087657,4.711690,0.829131,5.130704,0.202293
3.07884,4.650000,4.650000,0.964537,4.719838,1.597358,4.805463,1.380034,4.738678,1.087694,4.711901,0.829188,5.130434,0.202029
3.09550,4.650000,4.650000,0.964752,4.720775,1.597421,4.806045,1.380018,4.739036,1.087729,4.712060,0.829244,5.130112,0.201764
3.11217,4.650000,4.650000,0.964902,4.721288,1.597477,4.806383,1.380064,4.739374,1.087776,4.712398,0.829291,5.130450,0.201811
3.12884,4.650000,4.650000,0.964984,4.721597,1.597503,4.806571,1.380073,4.739562,1.087785,4.712585,0.829300,5.130637,0.201820
3.14550,4.650000,4.650000,0.965000,4.721778,1.597488,4.806668,1.380025,4.739547,1.087763,4.712472,0.829288,5.130283,0.201648
